kk,gid,ikn,bstt,luas,bsbtt,idsls,kdkab,kdkec,kdsls,nmkab,nmkec,nmsls,bstt_k,kddesa,kdprov,khusus,muatan,nmdesa,nmprov,posisi,rw_dki,segmen,sumber,dom_sls,periode,tingkat,idsubsls,kdsubsls,nm_gedung,wil_campur
,"617443","0",,0.104675939439569,,"61041100110012","04","110","0012",MEMPAWAH,SUNGAI KUNYIT,RT 010 RW 03 DUSUN SUTRA,,"011","61",,,SUNGAI DURI I,KALIMANTAN BARAT,,,,,,2024_1,,"6104110011001200","00",,
,"617442","0",,0.017152668164275,,"61040800010024","04","080","0024",MEMPAWAH,JONGKAT,RT 020 RW 01 DUSUN MAWAR,,"001","61",,,SUNGAI NIPAH,KALIMANTAN BARAT,,,,,,2024_1,,"6104080001002400","00",,
,"617441","0",,0.029545180969848,,"61041000130015","04","100","0015",MEMPAWAH,MEMPAWAH HILIR,RT 15 RW 08 DUSUN DEWA,,"013","61",,,PENIBUNG,KALIMANTAN BARAT,,,,,,2024_1,,"6104100013001500","00",,
,"617440","0",,0.032030581417157,,"61041000130014","04","100","0014",MEMPAWAH,MEMPAWAH HILIR,RT 14 RW 07 DUSUN DEWA,,"013","61",,,PENIBUNG,KALIMANTAN BARAT,,,,,,2024_1,,"6104100013001400","00",,
,"617439","0",,0.035459535819139,,"61041000130016","04","100","0016",MEMPAWAH,MEMPAWAH HILIR,RT 16 RW 08 DUSUN DEWA,,"013","61",,,PENIBUNG,KALIMANTAN BARAT,,,,,,2024_1,,"6104100013001600","00",,
,"617438","0",,0.111288356900483,,"61041000130011","04","100","0011",MEMPAWAH,MEMPAWAH HILIR,RT 11 RW 05 DUSUN DEWA SUHAR MANIK,,"013","61",,,PENIBUNG,KALIMANTAN BARAT,,,,,,2024_1,,"6104100013001100","00",,
,"617437","0",,1.03539571743893,,"61041000130003","04","100","0003",MEMPAWAH,MEMPAWAH HILIR,RT 03 RW 02 DUSUN MELAYU,,"013","61",,,PENIBUNG,KALIMANTAN BARAT,,,,,,2024_1,,"6104100013000300","00",,
,"617436","0",,128.459903868707,,"61040810062001","04","081","2001",MEMPAWAH,SEGEDONG,BLOK PERSIAPAN,,"006","61",,,PENITI DALAM II,KALIMANTAN BARAT,,,,,,2024_1,,"6104081006200100","00",,
,"617435","0",,0.198522375556414,,"61040810060029","04","081","0029",MEMPAWAH,SEGEDONG,RT 026 RW 006 DUSUN TUNAS BARU,,"006","61",,,PENITI DALAM II,KALIMANTAN BARAT,,,,,,2024_1,,"6104081006002900","00",,
,"617434","0",,0.126377704686033,,"61040810060041","04","081","0041",MEMPAWAH,SEGEDONG,RT 009 RW 001 DUSUN KARYA UTAMA,,"006","61",,,PENITI DALAM II,KALIMANTAN BARAT,,,,,,2024_1,,"6104081006004100","00",,
,"617433","0",,1.20854941118565,,"61040810060040","04","081","0040",MEMPAWAH,SEGEDONG,RT 023 RW 006 DUSUN TUNAS BARU,,"006","61",,,PENITI DALAM II,KALIMANTAN BARAT,,,,,,2024_1,,"6104081006004000","00",,
,"617432","0",,1.607483067961,,"61040810060038","04","081","0038",MEMPAWAH,SEGEDONG,RT 027 RW 007 DUSUN TUNAS BARU,,"006","61",,,PENITI DALAM II,KALIMANTAN BARAT,,,,,,2024_1,,"6104081006003800","00",,
,"617444","0",,0.126060508965609,,"61041100110009","04","110","0009",MEMPAWAH,SUNGAI KUNYIT,RT 007 RW 03 DUSUN SUBUR,,"011","61",,,SUNGAI DURI I,KALIMANTAN BARAT,,,,,,2024_1,,"6104110011000900","00",,
,"617431","0",,2.29492132932788,,"61040810060037","04","081","0037",MEMPAWAH,SEGEDONG,RT 021 RW 005 DUSUN LEMBAH HIJAU,,"006","61",,,PENITI DALAM II,KALIMANTAN BARAT,,,,,,2024_1,,"6104081006003700","00",,
,"617430","0",,0.076185869437848,,"61040810060036","04","081","0036",MEMPAWAH,SEGEDONG,RT 019 RW 004 DUSUN LEMBAH HIJAU,,"006","61",,,PENITI DALAM II,KALIMANTAN BARAT,,,,,,2024_1,,"6104081006003600","00",,
,"617429","0",,0.78181660475817,,"61040810060035","04","081","0035",MEMPAWAH,SEGEDONG,RT 012 RW 008 DUSUN CAHAYA INTAN,,"006","61",,,PENITI DALAM II,KALIMANTAN BARAT,,,,,,2024_1,,"6104081006003500","00",,
,"617428","0",,3.91173853809482,,"61040810060005","04","081","0005",MEMPAWAH,SEGEDONG,RT 004 RW 001 DUSUN KARYA UTAMA,,"006","61",,,PENITI DALAM II,KALIMANTAN BARAT,,,,,,2024_1,,"6104081006000500","00",,
,"617422","0",,0.170220874484297,,"61041210060003","04","121","0003",MEMPAWAH,SADANIANG,RT 003 RW 01 DUSUN BARANGAN,,"006","61",,,SUAK BARANGAN,KALIMANTAN BARAT,,,,,,2024_1,,"6104121006000300","00",,
,"617421","0",,0.535085392416414,,"61041210060006","04","121","0006",MEMPAWAH,SADANIANG,RT 004 RW 03 DUSUN SAMANTAKIN,,"006","61",,,SUAK BARANGAN,KALIMANTAN BARAT,,,,,,2024_1,,"6104121006000600","00",,
,"617420","0",,0.074948109358425,,"61041210060007","04","121","0007",MEMPAWAH,SADANIANG,RT 005 RW 03 DUSUN GURO,,"006","61",,,SUAK BARANGAN,KALIMANTAN BARAT,,,,,,2024_1,,"6104121006000700","00",,
,"617419","0",,0.26721184928786,,"61041210060010","04","121","0010",MEMPAWAH,SADANIANG,RT 007 RW 04 DUSUN PARASAN,,"006","61",,,SUAK BARANGAN,KALIMANTAN BARAT,,,,,,2024_1,,"6104121006001000","00",,
,"617418","0",,0.137346066105613,,"61041210040013","04","121","0013",MEMPAWAH,SADANIANG,RT 005 RW 05 DUSUN PARONG,,"004","61",,,AMAWANG,KALIMANTAN BARAT,,,,,,2024_1,,"6104121004001300","00",,
,"617417","0",,0.041311679398738,,"61041210040012","04","121","0012",MEMPAWAH,SADANIANG,RT 004 RW 05 DUSUN PARONG,,"004","61",,,AMAWANG,KALIMANTAN BARAT,,,,,,2024_1,,"6104121004001200","00",,
,"617416","0",,0.125086335256519,,"61041210040011","04","121","0011",MEMPAWAH,SADANIANG,RT 013 RW 04 DUSUN PENDENG,,"004","61",,,AMAWANG,KALIMANTAN BARAT,,,,,,2024_1,,"6104121004001100","00",,
,"617415","0",,11.5819128059496,,"61040800032002","04","080","2002",MEMPAWAH,JONGKAT,PULAU PANJANG,,"003","61",,,WAJOK HILIR,KALIMANTAN BARAT,,,,,,2024_1,,"6104080003200200","00",,
,"617414","0",,5.73950832761744,,"61041100062001","04","110","2001",MEMPAWAH,SUNGAI KUNYIT,PULAU TEMAJO,,"006","61",,,SUNGAI KUNYIT LAUT,KALIMANTAN BARAT,,,,,,2024_1,,"6104110006200100","00",,
,"617413","0",,0.010067054794584,,"61040810060002","04","081","0002",MEMPAWAH,SEGEDONG,RT 001B RW 001 DUSUN KARYA UTAMA,,"006","61",,,PENITI DALAM II,KALIMANTAN BARAT,,,,,,2024_1,,"6104081006000200","00",,
,"617412","0",,38.1946407229396,,"61041210042003","04","121","2003",MEMPAWAH,SADANIANG,HUTAN,,"004","61",,,AMAWANG,KALIMANTAN BARAT,,,,,,2024_1,,"6104121004200300","00",,
,"617427","0",,2.38051890623971,,"61040810060003","04","081","0003",MEMPAWAH,SEGEDONG,RT 002 RW 001 DUSUN KARYA UTAMA,,"006","61",,,PENITI DALAM II,KALIMANTAN BARAT,,,,,,2024_1,,"6104081006000300","00",,
,"617411","0",,0.796428748594603,,"61041210030006","04","121","0006",MEMPAWAH,SADANIANG,RT 013 RW 02 DUSUN SATAK,,"003","61",,,BUMBUN,KALIMANTAN BARAT,,,,,,2024_1,,"6104121003000600","00",,
,"617410","0",,0.619208277607603,,"61041210060008","04","121","0008",MEMPAWAH,SADANIANG,RT 006 RW 03 DUSUN GURO,,"006","61",,,SUAK BARANGAN,KALIMANTAN BARAT,,,,,,2024_1,,"6104121006000800","00",,
,"617409","0",,0.660324590316097,,"61041200070006","04","120","0006",MEMPAWAH,TOHO,RT 012 RW 02 DUSUN TERAP,,"007","61",,,TERAP,KALIMANTAN BARAT,,,,,,2024_1,,"6104120007000600","00",,
,"617408","0",,0.368007057342565,,"61041200030009","04","120","0009",MEMPAWAH,TOHO,RT 009 RW 03 DUSUN BOBOK,,"003","61",,,BENUANG,KALIMANTAN BARAT,,,,,,2024_1,,"6104120003000900","00",,
,"617407","0",,0.613985015159254,,"61041200030008","04","120","0008",MEMPAWAH,TOHO,RT 008 RW 03 DUSUN BOBOK,,"003","61",,,BENUANG,KALIMANTAN BARAT,,,,,,2024_1,,"6104120003000800","00",,
,"617406","0",,2.66010454508013,,"61041200090006","04","120","0006",MEMPAWAH,TOHO,RT 006 RW 01 DUSUN TOHO LIAR,,"009","61",,,TOHO ILIR,KALIMANTAN BARAT,,,,,,2024_1,,"6104120009000600","00",,
,"617405","0",,7.67706277255011,,"61041210030011","04","121","0011",MEMPAWAH,SADANIANG,RT 012 RW 03 DUSUN BAWING,,"003","61",,,BUMBUN,KALIMANTAN BARAT,,,,,,2024_1,,"6104121003001100","00",,
,"617404","0",,3.4960166763694,,"61041210030010","04","121","0010",MEMPAWAH,SADANIANG,RT 009 RW 03 DUSUN BAWING,,"003","61",,,BUMBUN,KALIMANTAN BARAT,,,,,,2024_1,,"6104121003001000","00",,
,"617426","0",,0.075219333431781,,"61041210060009","04","121","0009",MEMPAWAH,SADANIANG,RT 008 RW 03 DUSUN GURO,,"006","61",,,SUAK BARANGAN,KALIMANTAN BARAT,,,,,,2024_1,,"6104121006000900","00",,
,"617425","0",,0.199357311883128,,"61041210040010","04","121","0010",MEMPAWAH,SADANIANG,RT 012 RW 04 DUSUN PENDENG,,"004","61",,,AMAWANG,KALIMANTAN BARAT,,,,,,2024_1,,"6104121004001000","00",,
,"617403","0",,4.7348507743585,,"61041210030008","04","121","0008",MEMPAWAH,SADANIANG,RT 007 RW 05 DUSUN SATAK,,"003","61",,,BUMBUN,KALIMANTAN BARAT,,,,,,2024_1,,"6104121003000800","00",,
,"617402","0",,0.477022349066617,,"61040900110016","04","090","0016",MEMPAWAH,SUNGAI PINYUH,RT 014 RW 04 DUSUN TIMUR,,"011","61",,,SUNGAI BAKAU BESAR LAUT,KALIMANTAN BARAT,,,,,,2024_1,,"6104090011001600","00",,
,"617401","0",,5.56676525362395,,"61041200040011","04","120","0011",MEMPAWAH,TOHO,RT 010 RW 04 DUSUN 004,,"004","61",,,PAK UTAN,KALIMANTAN BARAT,,,,,,2024_1,,"6104120004001100","00",,
,"617400","0",,1.57138104873144,,"61041200050009","04","120","0009",MEMPAWAH,TOHO,RT 013 RW 03 DUSUN SEPANG,,"005","61",,,SEPANG,KALIMANTAN BARAT,,,,,,2024_1,,"6104120005000900","00",,
,"617399","0",,1.76367390702366,,"61041200040006","04","120","0006",MEMPAWAH,TOHO,RT 006 RW 03 DUSUN 002,,"004","61",,,PAK UTAN,KALIMANTAN BARAT,,,,,,2024_1,,"6104120004000600","00",,
,"617398","0",,0.839307282622516,,"61040800030023","04","080","0023",MEMPAWAH,JONGKAT,RT 006 RW 05 DUSUN KOPI,,"003","61",,,WAJOK HILIR,KALIMANTAN BARAT,,,,,,2024_1,,"6104080003002300","00",,
,"617397","0",,4.07927263821942,,"61041210030007","04","121","0007",MEMPAWAH,SADANIANG,RT 006 RW 05 DUSUN SATAK,,"003","61",,,BUMBUN,KALIMANTAN BARAT,,,,,,2024_1,,"6104121003000700","00",,
,"617424","0",,0.208452644574644,,"61041210020010","04","121","0010",MEMPAWAH,SADANIANG,RT 010 RW 06 DUSUN GELOMBANG,,"002","61",,,SEKABUK,KALIMANTAN BARAT,,,,,,2024_1,,"6104121002001000","00",,
,"617396","0",,1.95005963786052,,"61040910060018","04","091","0018",MEMPAWAH,ANJONGAN,RT 018 RW 04 DUSUN KEPAYANG,,"006","61",,,KEPAYANG,KALIMANTAN BARAT,,,,,,2024_1,,"6104091006001800","00",,
,"617395","0",,1.40180004856232,,"61040810040010","04","081","0010",MEMPAWAH,SEGEDONG,RT 010 RW 004 DUSUN ASAM,,"004","61",,,PARIT BUGIS,KALIMANTAN BARAT,,,,,,2024_1,,"6104081004001000","00",,
,"617394","0",,1.19056636814567,,"61040900120001","04","090","0001",MEMPAWAH,SUNGAI PINYUH,RT 001 RW 01 DUSUN PARIT KURUS,,"012","61",,,SUNGAI BAKAU BESAR DARAT,KALIMANTAN BARAT,,,,,,2024_1,,"6104090012000100","00",,
,"617393","0",,3.32323425089291,,"61040800060005","04","080","0005",MEMPAWAH,JONGKAT,RT 001 RW 02 DUSUN KARYA BHAKTI,,"006","61",,,PENITI LUAR,KALIMANTAN BARAT,,,,,,2024_1,,"6104080006000500","00",,
,"617392","0",,1.66938866690152,,"61040800060001","04","080","0001",MEMPAWAH,JONGKAT,RT 001 RW 01 DUSUN KARYA BHAKTI,,"006","61",,,PENITI LUAR,KALIMANTAN BARAT,,,,,,2024_1,,"6104080006000100","00",,
,"617423","0",,0.479440118411616,,"61041210020007","04","121","0007",MEMPAWAH,SADANIANG,RT 007 RW 05 DUSUN TITI DAHAN,,"002","61",,,SEKABUK,KALIMANTAN BARAT,,,,,,2024_1,,"6104121002000700","00",,
,"617391","0",,3.92176861101421,,"61041210030013","04","121","0013",MEMPAWAH,SADANIANG,RT 011 RW 04 DUSUN NANGKA,,"003","61",,,BUMBUN,KALIMANTAN BARAT,,,,,,2024_1,,"6104121003001300","00",,
,"617390","0",,2.03490234006234,,"61040810010017","04","081","0017",MEMPAWAH,SEGEDONG,RT 017 RW 005 DUSUN AMBO PINANG,,"001","61",,,PENITI DALAM I,KALIMANTAN BARAT,,,,,,2024_1,,"6104081001001700","00",,
,"617389","0",,1.23052602442674,,"61041010040007","04","101","0007",MEMPAWAH,MEMPAWAH TIMUR,RT 007 RW 04 DUSUN TENGAH,,"004","61",,,PASIR PALEMBANG,KALIMANTAN BARAT,,,,,,2024_1,,"6104101004000700","00",,
,"617388","0",,6.54661683038414,,"61041200090010","04","120","0010",MEMPAWAH,TOHO,RT 010 RW 03 DUSUN BONSORAN,,"009","61",,,TOHO ILIR,KALIMANTAN BARAT,,,,,,2024_1,,"6104120009001000","00",,
,"617387","0",,0.734900940796971,,"61040900010005","04","090","0005",MEMPAWAH,SUNGAI PINYUH,RT 005 RW 03 DUSUN KARYA,,"001","61",,,SUNGAI PURUN KECIL,KALIMANTAN BARAT,,,,,,2024_1,,"6104090001000500","00",,
,"617386","0",,2.44805408581126,,"61040800060003","04","080","0003",MEMPAWAH,JONGKAT,RT 003 RW 01 DUSUN KARYA BHAKTI,,"006","61",,,PENITI LUAR,KALIMANTAN BARAT,,,,,,2024_1,,"6104080006000300","00",,
,"617385","0",,4.13628710589728,,"61041210030009","04","121","0009",MEMPAWAH,SADANIANG,RT 008 RW 03 DUSUN BAWING,,"003","61",,,BUMBUN,KALIMANTAN BARAT,,,,,,2024_1,,"6104121003000900","00",,
,"617384","0",,3.2141565990167,,"61041210030012","04","121","0012",MEMPAWAH,SADANIANG,RT 010 RW 04 DUSUN NANGKA,,"003","61",,,BUMBUN,KALIMANTAN BARAT,,,,,,2024_1,,"6104121003001200","00",,
,"617383","0",,2.50236514241486,,"61040910060014","04","091","0014",MEMPAWAH,ANJONGAN,RT 014 RW 04 DUSUN KEPAYANG,,"006","61",,,KEPAYANG,KALIMANTAN BARAT,,,,,,2024_1,,"6104091006001400","00",,
,"617382","0",,8.39479964882488,,"61041100090010","04","110","0010",MEMPAWAH,SUNGAI KUNYIT,RT 010 RW 03 DUSUN KEMBANG LADA,,"009","61",,,BUKIT BATU,KALIMANTAN BARAT,,,,,,2024_1,,"6104110009001000","00",,
,"617381","0",,1.55626424566983,,"61041000010006","04","100","0006",MEMPAWAH,MEMPAWAH HILIR,RT 06 RW 03,,"001","61",,,TANJUNG,KALIMANTAN BARAT,,,,,,2024_1,,"6104100001000600","00",,
,"617380","0",,0.603744491695445,,"61040810030020","04","081","0020",MEMPAWAH,JONGKAT,RT 020 RW 08 DUSUN PELITA,,"003","61",,,SUNGAI PURUN BESAR,KALIMANTAN BARAT,,,,,,2024_1,,"6104081003002000","00",,
,"617378","0",,1.50951360572226,,"61040910060015","04","091","0015",MEMPAWAH,ANJONGAN,RT 015 RW 04 DUSUN KEPAYANG,,"006","61",,,KEPAYANG,KALIMANTAN BARAT,,,,,,2024_1,,"6104091006001500","00",,
,"617377","0",,10.2569282196599,,"61041210061003","04","121","1003",MEMPAWAH,SADANIANG,HUTAN,,"006","61",,,SUAK BARANGAN,KALIMANTAN BARAT,,,,,,2024_1,,"6104121006100300","00",,
,"617376","0",,0.662113213175099,,"61040800030030","04","080","0030",MEMPAWAH,JONGKAT,RT 003 RW 03 DUSUN COKLAT,,"003","61",,,WAJOK HILIR,KALIMANTAN BARAT,,,,,,2024_1,,"6104080003003000","00",,
,"617375","0",,0.136524307355639,,"61041210012004","04","121","2004",MEMPAWAH,SADANIANG,HUTAN,,"001","61",,,PENTEK,KALIMANTAN BARAT,,,,,,2024_1,,"6104121001200400","00",,
,"617374","0",,0.523516226207138,,"61041000150012","04","100","0012",MEMPAWAH,MEMPAWAH HILIR,RT 12 RW 05 DUSUN PINANG,,"015","61",,,MALIKIAN,KALIMANTAN BARAT,,,,,,2024_1,,"6104100015001200","00",,
,"617373","0",,1.32995148048103,,"61041200060006","04","120","0006",MEMPAWAH,TOHO,RT 006 RW 02 DUSUN LAHENG,,"006","61",,,PAK LAHENG,KALIMANTAN BARAT,,,,,,2024_1,,"6104120006000600","00",,
,"617372","0",,2.68154952225005,,"61041100062003","04","110","2003",MEMPAWAH,SUNGAI KUNYIT,PULAU SETINJAN,,"006","61",,,SUNGAI KUNYIT LAUT,KALIMANTAN BARAT,,,,,,2024_1,,"6104110006200300","00",,
,"617371","0",,2.35022546027952,,"61041100062002","04","110","2002",MEMPAWAH,SUNGAI KUNYIT,PULAU DAMAR,,"006","61",,,SUNGAI KUNYIT LAUT,KALIMANTAN BARAT,,,,,,2024_1,,"6104110006200200","00",,
,"617370","0",,0.403579265546175,,"61041210060005","04","121","0005",MEMPAWAH,SADANIANG,RT 010 RW 02 DUSUN SAMANTAKIN,,"006","61",,,SUAK BARANGAN,KALIMANTAN BARAT,,,,,,2024_1,,"6104121006000500","00",,
,"617367","0",,0.119713283616766,,"61041210010003","04","121","0003",MEMPAWAH,SADANIANG,RT 003 RW 06 DUSUN KUMPANG,,"001","61",,,PENTEK,KALIMANTAN BARAT,,,,,,2024_1,,"6104121001000300","00",,
,"617366","0",,0.566804921681487,,"61041200080004","04","120","0004",MEMPAWAH,TOHO,RT 004 DUSUN PINANG,,"008","61",,,KECURIT,KALIMANTAN BARAT,,,,,,2024_1,,"6104120008000400","00",,
,"617365","0",,1.3930178009971,,"61041210060001","04","121","0001",MEMPAWAH,SADANIANG,RT 001 RW 01 DUSUN BARANGAN,,"006","61",,,SUAK BARANGAN,KALIMANTAN BARAT,,,,,,2024_1,,"6104121006000100","00",,
,"617364","0",,0.184274761313373,,"61041100080010","04","110","0010",MEMPAWAH,SUNGAI KUNYIT,RT 010 RW 03 DUSUN SEKIP I,,"008","61",,,SUNGAI KUNYIT HULU,KALIMANTAN BARAT,,,,,,2024_1,,"6104110008001000","00",,
,"617363","0",,0.31785121710537,,"61040900110012","04","090","0012",MEMPAWAH,SUNGAI PINYUH,RT 016 RW 03 DUSUN TIMUR,,"011","61",,,SUNGAI BAKAU BESAR LAUT,KALIMANTAN BARAT,,,,,,2024_1,,"6104090011001200","00",,
,"617362","0",,1.13423295780081,,"61040900050001","04","090","0001",MEMPAWAH,SUNGAI PINYUH,RT 001 RW 01 DUSUN UTARA,,"005","61",,,GALANG,KALIMANTAN BARAT,,,,,,2024_1,,"6104090005000100","00",,
,"617361","0",,22.9196115204225,,"61041210052001","04","121","2001",MEMPAWAH,SADANIANG,HUTAN,,"005","61",,,ANSIAP,KALIMANTAN BARAT,,,,,,2024_1,,"6104121005200100","00",,
,"617360","0",,1.57472783881954,,"61040810060039","04","081","0039",MEMPAWAH,SEGEDONG,RT 028 RW 007 DUSUN TUNAS BARU,,"006","61",,,PENITI DALAM II,KALIMANTAN BARAT,,,,,,2024_1,,"6104081006003900","00",,
,"617359","0",,0.830935610820188,,"61040800030019","04","080","0019",MEMPAWAH,JONGKAT,RT 002 RW 05 DUSUN KOPI,,"003","61",,,WAJOK HILIR,KALIMANTAN BARAT,,,,,,2024_1,,"6104080003001900","00",,
,"617358","0",,0.039175534203762,,"61041000140001","04","100","0001",MEMPAWAH,MEMPAWAH HILIR,RT 001 RW 001 DUSUN BUGIS,,"014","61",,,SENGKUBANG,KALIMANTAN BARAT,,,,,,2024_1,,"6104100014000100","00",,
,"617357","0",,0.949804234077928,,"61041210010006","04","121","0006",MEMPAWAH,SADANIANG,RT 006 RW 02 DUSUN MURU,,"001","61",,,PENTEK,KALIMANTAN BARAT,,,,,,2024_1,,"6104121001000600","00",,
,"617356","0",,0.115910950532096,,"61040900040012","04","090","0012",MEMPAWAH,SUNGAI PINYUH,RT 001 RW 06 DUSUN 03,,"004","61",,,NUSAPATI,KALIMANTAN BARAT,,,,,,2024_1,,"6104090004001200","00",,
,"617355","0",,0.142024738534631,,"61041210020009","04","121","0009",MEMPAWAH,SADANIANG,RT 009 RW 06 DUSUN GELOMBANG,,"002","61",,,SEKABUK,KALIMANTAN BARAT,,,,,,2024_1,,"6104121002000900","00",,
,"617354","0",,0.144399825404612,,"61041210040009","04","121","0009",MEMPAWAH,SADANIANG,RT 014 RW 03 DUSUN PELANJAU,,"004","61",,,AMAWANG,KALIMANTAN BARAT,,,,,,2024_1,,"6104121004000900","00",,
,"617353","0",,0.206344218798804,,"61041210040007","04","121","0007",MEMPAWAH,SADANIANG,RT 010 RW 03 DUSUN PELANJAU,,"004","61",,,AMAWANG,KALIMANTAN BARAT,,,,,,2024_1,,"6104121004000700","00",,
,"617352","0",,0.225329062393756,,"61040910030009","04","091","0009",MEMPAWAH,ANJONGAN,RT 008 RW 02 DUSUN PRAMUKA,,"003","61",,,ANJUNGAN DALAM,KALIMANTAN BARAT,,,,,,2024_1,,"6104091003000900","00",,
,"617351","0",,2.24238793278081,,"61040800060016","04","080","0016",MEMPAWAH,JONGKAT,RT 001 RW 05 DUSUN TARUNA BHAKTI,,"006","61",,,PENITI LUAR,KALIMANTAN BARAT,,,,,,2024_1,,"6104080006001600","00",,
,"617350","0",,0.088730828193085,,"61041000122003","04","100","2003",MEMPAWAH,MEMPAWAH HILIR,PULAU PENIBUNG,,"012","61",,,PASIR,KALIMANTAN BARAT,,,,,,2024_1,,"6104100012200300","00",,
,"617349","0",,0.060875077156197,,"61040800032003","04","080","2003",MEMPAWAH,JONGKAT,PULAU BABI,,"003","61",,,WAJOK HILIR,KALIMANTAN BARAT,,,,,,2024_1,,"6104080003200300","00",,
,"617348","0",,0.444295198094048,,"61040800032004","04","080","2004",MEMPAWAH,JONGKAT,PULAU BUMIN,,"003","61",,,WAJOK HILIR,KALIMANTAN BARAT,,,,,,2024_1,,"6104080003200400","00",,
,"617347","0",,1.37146612639359,,"61041200030001","04","120","0001",MEMPAWAH,TOHO,RT 001 RW 01 DUSUN BENUAN JAYA,,"003","61",,,BENUANG,KALIMANTAN BARAT,,,,,,2024_1,,"6104120003000100","00",,
,"617346","0",,0.583117536551251,,"61041200030002","04","120","0002",MEMPAWAH,TOHO,RT 002 RW 01 DUSUN BENUAN JAYA,,"003","61",,,BENUANG,KALIMANTAN BARAT,,,,,,2024_1,,"6104120003000200","00",,
,"617345","0",,0.389922634196093,,"61041010060025","04","101","0025",MEMPAWAH,MEMPAWAH TIMUR,RT 025 RW 07 DUSUN MEKAR JAYA,,"006","61",,,ANTIBAR,KALIMANTAN BARAT,,,,,,2024_1,,"6104101006002500","00",,
,"617368","0",,0.649569319918207,,"61041210050003","04","121","0003",MEMPAWAH,SADANIANG,RT 003 DUSUN TIKALONG,,"005","61",,,ANSIAP,KALIMANTAN BARAT,,,,,,2024_1,,"6104121005000300","00",,
,"617344","0",,0.623210409669806,,"61041200050013","04","120","0013",MEMPAWAH,TOHO,RT 011 RW 04 DUSUN KUMPANG,,"005","61",,,SEPANG,KALIMANTAN BARAT,,,,,,2024_1,,"6104120005001300","00",,
,"617343","0",,0.344186826917775,,"61041100090005","04","110","0005",MEMPAWAH,SUNGAI KUNYIT,RT 005 RW 02 DUSUN SERAI WANGI,,"009","61",,,BUKIT BATU,KALIMANTAN BARAT,,,,,,2024_1,,"6104110009000500","00",,
,"617342","0",,0.90023673131019,,"61040900050016","04","090","0016",MEMPAWAH,SUNGAI PINYUH,RT 016 RW 01 DUSUN UTARA,,"005","61",,,GALANG,KALIMANTAN BARAT,,,,,,2024_1,,"6104090005001600","00",,
,"617341","0",,0.311963546226774,,"61040900050002","04","090","0002",MEMPAWAH,SUNGAI PINYUH,RT 002 RW 01 DUSUN UTARA,,"005","61",,,GALANG,KALIMANTAN BARAT,,,,,,2024_1,,"6104090005000200","00",,
,"617340","0",,4.59659060340976,,"61041200090008","04","120","0008",MEMPAWAH,TOHO,RT 008 RW 02 DUSUN KUALA TOHO,,"009","61",,,TOHO ILIR,KALIMANTAN BARAT,,,,,,2024_1,,"6104120009000800","00",,
,"617339","0",,1.05413289963276,,"61041200080005","04","120","0005",MEMPAWAH,TOHO,RT 005 DUSUN DANDANG,,"008","61",,,KECURIT,KALIMANTAN BARAT,,,,,,2024_1,,"6104120008000500","00",,
,"617338","0",,0.502377383530391,,"61041010060024","04","101","0024",MEMPAWAH,MEMPAWAH TIMUR,RT 024 RW 07 DUSUN MEKAR JAYA,,"006","61",,,ANTIBAR,KALIMANTAN BARAT,,,,,,2024_1,,"6104101006002400","00",,
,"617379","0",,1.77670663431227,,"61041200040008","04","120","0008",MEMPAWAH,TOHO,RT 008 RW 03 DUSUN 003,,"004","61",,,PAK UTAN,KALIMANTAN BARAT,,,,,,2024_1,,"6104120004000800","00",,
,"617369","0",,0.092047758001961,,"61041210010004","04","121","0004",MEMPAWAH,SADANIANG,RT 004 RW 06 DUSUN KUMPANG,,"001","61",,,PENTEK,KALIMANTAN BARAT,,,,,,2024_1,,"6104121001000400","00",,
,"617337","0",,0.9894069342208,,"61040910020009","04","091","0009",MEMPAWAH,ANJONGAN,RT 022 RW 01,,"002","61",,,ANJUNGAN MELANCAR,KALIMANTAN BARAT,,,,,,2024_1,,"6104091002000900","00",,
,"617336","0",,0.365201088467595,,"61041210060004","04","121","0004",MEMPAWAH,SADANIANG,RT 009 RW 01 DUSUN BARANGAN,,"006","61",,,SUAK BARANGAN,KALIMANTAN BARAT,,,,,,2024_1,,"6104121006000400","00",,
,"617335","0",,0.231388402540447,,"61041210050005","04","121","0005",MEMPAWAH,SADANIANG,RT 006 DUSUN ANSIAP,,"005","61",,,ANSIAP,KALIMANTAN BARAT,,,,,,2024_1,,"6104121005000500","00",,
,"617334","0",,0.140115592116152,,"61041210050007","04","121","0007",MEMPAWAH,SADANIANG,RT 007 DUSUN GUTOK,,"005","61",,,ANSIAP,KALIMANTAN BARAT,,,,,,2024_1,,"6104121005000700","00",,
,"617333","0",,0.239954683290711,,"61041210050001","04","121","0001",MEMPAWAH,SADANIANG,RT 001 DUSUN TIKALONG,,"005","61",,,ANSIAP,KALIMANTAN BARAT,,,,,,2024_1,,"6104121005000100","00",,
,"617332","0",,26.8424030012348,,"61041210042002","04","121","2002",MEMPAWAH,SADANIANG,HUTAN,,"004","61",,,AMAWANG,KALIMANTAN BARAT,,,,,,2024_1,,"6104121004200200","00",,
,"617331","0",,0.538745112472031,,"61040900010011","04","090","0011",MEMPAWAH,SUNGAI PINYUH,RT 011 RW 06 DUSUN SWADAYA,,"001","61",,,SUNGAI PURUN KECIL,KALIMANTAN BARAT,,,,,,2024_1,,"6104090001001100","00",,
,"617330","0",,1.09530423937709,,"61041200070011","04","120","0011",MEMPAWAH,TOHO,RT 007 RW 04 DUSUN BALA,,"007","61",,,TERAP,KALIMANTAN BARAT,,,,,,2024_1,,"6104120007001100","00",,
,"617329","0",,5.57715198165998,,"61041210012002","04","121","2002",MEMPAWAH,SADANIANG,HUTAN,,"001","61",,,PENTEK,KALIMANTAN BARAT,,,,,,2024_1,,"6104121001200200","00",,
,"617328","0",,1.19174200331219,,"61041210040006","04","121","0006",MEMPAWAH,SADANIANG,RT 009 RW 02 DUSUN PUDAK,,"004","61",,,AMAWANG,KALIMANTAN BARAT,,,,,,2024_1,,"6104121004000600","00",,
,"617327","0",,0.711378082371976,,"61041200050012","04","120","0012",MEMPAWAH,TOHO,RT 010 RW 04 DUSUN KUMPANG,,"005","61",,,SEPANG,KALIMANTAN BARAT,,,,,,2024_1,,"6104120005001200","00",,
,"617326","0",,0.766113511642603,,"61041210010001","04","121","0001",MEMPAWAH,SADANIANG,RT 001 RW 01 DUSUN PENTEK,,"001","61",,,PENTEK,KALIMANTAN BARAT,,,,,,2024_1,,"6104121001000100","00",,
,"617325","0",,0.290613950655839,,"61040900040022","04","090","0022",MEMPAWAH,SUNGAI PINYUH,RT 001 RW 10 DUSUN 05,,"004","61",,,NUSAPATI,KALIMANTAN BARAT,,,,,,2024_1,,"6104090004002200","00",,
,"617324","0",,1.31424254136146,,"61041200040003","04","120","0003",MEMPAWAH,TOHO,RT 003 RW 01 DUSUN 001,,"004","61",,,PAK UTAN,KALIMANTAN BARAT,,,,,,2024_1,,"6104120004000300","00",,
,"617323","0",,0.346153091273777,,"61040910030001","04","091","0001",MEMPAWAH,ANJONGAN,RT 001 RW 01 DUSUN TERDU,,"003","61",,,ANJUNGAN DALAM,KALIMANTAN BARAT,,,,,,2024_1,,"6104091003000100","00",,
,"617322","0",,0.069181471165669,,"61040900110010","04","090","0010",MEMPAWAH,SUNGAI PINYUH,RT 011 RW 03 DUSUN TIMUR,,"011","61",,,SUNGAI BAKAU BESAR LAUT,KALIMANTAN BARAT,,,,,,2024_1,,"6104090011001000","00",,
,"617321","0",,0.626803296939641,,"61040900040011","04","090","0011",MEMPAWAH,SUNGAI PINYUH,RT 001 RW 05 DUSUN 03,,"004","61",,,NUSAPATI,KALIMANTAN BARAT,,,,,,2024_1,,"6104090004001100","00",,
,"617320","0",,2.10065665737199,,"61041000022001","04","100","2001",MEMPAWAH,MEMPAWAH HILIR,PULAU DATUK,,"002","61",,,KUALA SECAPAH,KALIMANTAN BARAT,,,,,,2024_1,,"6104100002200100","00",,
,"617319","0",,0.235783496122758,,"61040900040010","04","090","0010",MEMPAWAH,SUNGAI PINYUH,RT 002 RW 04 DUSUN 02,,"004","61",,,NUSAPATI,KALIMANTAN BARAT,,,,,,2024_1,,"6104090004001000","00",,
,"617318","0",,1.51207479194035,,"61041210010005","04","121","0005",MEMPAWAH,SADANIANG,RT 005 RW 02 DUSUN MURU,,"001","61",,,PENTEK,KALIMANTAN BARAT,,,,,,2024_1,,"6104121001000500","00",,
,"617317","0",,0.444131742253186,,"61041210020004","04","121","0004",MEMPAWAH,SADANIANG,RT 004 RW 02 DUSUN PAK NUNGKAT,,"002","61",,,SEKABUK,KALIMANTAN BARAT,,,,,,2024_1,,"6104121002000400","00",,
,"617316","0",,0.662515100494332,,"61041210010010","04","121","0010",MEMPAWAH,SADANIANG,RT 012 RW 03 DUSUN UNTANG,,"001","61",,,PENTEK,KALIMANTAN BARAT,,,,,,2024_1,,"6104121001001000","00",,
,"617315","0",,0.091164439093712,,"61041210010008","04","121","0008",MEMPAWAH,SADANIANG,RT 008 RW 03 DUSUN UNTANG,,"001","61",,,PENTEK,KALIMANTAN BARAT,,,,,,2024_1,,"6104121001000800","00",,
,"617314","0",,0.168994769241512,,"61041210050006","04","121","0006",MEMPAWAH,SADANIANG,RT 005 DUSUN GUTOK,,"005","61",,,ANSIAP,KALIMANTAN BARAT,,,,,,2024_1,,"6104121005000600","00",,
,"617313","0",,0.211807710287839,,"61041210050002","04","121","0002",MEMPAWAH,SADANIANG,RT 002 DUSUN TIKALONG,,"005","61",,,ANSIAP,KALIMANTAN BARAT,,,,,,2024_1,,"6104121005000200","00",,
,"617312","0",,0.222538939401496,,"61041210040005","04","121","0005",MEMPAWAH,SADANIANG,RT 008 RW 02 DUSUN PUDAK,,"004","61",,,AMAWANG,KALIMANTAN BARAT,,,,,,2024_1,,"6104121004000500","00",,
,"617311","0",,0.117757131706604,,"61041210040004","04","121","0004",MEMPAWAH,SADANIANG,RT 007 RW 02 DUSUN PUDAK,,"004","61",,,AMAWANG,KALIMANTAN BARAT,,,,,,2024_1,,"6104121004000400","00",,
,"617310","0",,0.192093598943321,,"61040810022005","04","081","2005",MEMPAWAH,SEGEDONG,SEMAK BELUKAR,,"002","61",,,SUNGAI BURUNG,KALIMANTAN BARAT,,,,,,2024_1,,"6104081002200500","00",,
,"617309","0",,0.623583662350947,,"61041200082003","04","120","2003",MEMPAWAH,TOHO,RT 003 DUSUN PINANG,,"008","61",,,KECURIT,KALIMANTAN BARAT,,,,,,2024_1,,"6104120008200300","00",,
,"617308","0",,0.24738707672223,,"61040910040001","04","091","0001",MEMPAWAH,ANJONGAN,RT 001 RW 01 DUSUN PERIKANAN,,"004","61",,,PAK BULU,KALIMANTAN BARAT,,,,,,2024_1,,"6104091004000100","00",,
,"617307","0",,0.25849578477821,,"61040910030004","04","091","0004",MEMPAWAH,ANJONGAN,RT 004 RW 01 DUSUN TERDU,,"003","61",,,ANJUNGAN DALAM,KALIMANTAN BARAT,,,,,,2024_1,,"6104091003000400","00",,
,"617306","0",,0.741469557892608,,"61040910030005","04","091","0005",MEMPAWAH,ANJONGAN,RT 005 RW 01 DUSUN TERDU,,"003","61",,,ANJUNGAN DALAM,KALIMANTAN BARAT,,,,,,2024_1,,"6104091003000500","00",,
,"617305","0",,0.365449005929736,,"61040910030006","04","091","0006",MEMPAWAH,ANJONGAN,RT 011 RW 01 DUSUN TERDU,,"003","61",,,ANJUNGAN DALAM,KALIMANTAN BARAT,,,,,,2024_1,,"6104091003000600","00",,
,"617304","0",,0.216291916391765,,"61041210050004","04","121","0004",MEMPAWAH,SADANIANG,RT 004 DUSUN ANSIAP,,"005","61",,,ANSIAP,KALIMANTAN BARAT,,,,,,2024_1,,"6104121005000400","00",,
,"617303","0",,31.9276337421953,,"61041210052002","04","121","2002",MEMPAWAH,SADANIANG,HUTAN,,"005","61",,,ANSIAP,KALIMANTAN BARAT,,,,,,2024_1,,"6104121005200200","00",,
,"617302","0",,0.300711481502844,,"61040910040002","04","091","0002",MEMPAWAH,ANJONGAN,RT 002 RW 01 DUSUN PERIKANAN,,"004","61",,,PAK BULU,KALIMANTAN BARAT,,,,,,2024_1,,"6104091004000200","00",,
,"617299","0",,0.475527384254819,,"61041100100012","04","110","0012",MEMPAWAH,SUNGAI KUNYIT,RT 012 RW 03 DUSUN TUJUH RATUS,,"010","61",,,SUNGAI BUNDUNG LAUT,KALIMANTAN BARAT,,,,,,2024_1,,"6104110010001200","00",,
,"617298","0",,0.188850908929471,,"61040800040009","04","080","0009",MEMPAWAH,JONGKAT,RT 003 RW 07 DUSUN DURIAN,,"004","61",,,WAJOK HULU,KALIMANTAN BARAT,,,,,,2024_1,,"6104080004000900","00",,
,"617297","0",,0.20735718419543,,"61040800040008","04","080","0008",MEMPAWAH,JONGKAT,RT 002 RW 07 DUSUN DURIAN,,"004","61",,,WAJOK HULU,KALIMANTAN BARAT,,,,,,2024_1,,"6104080004000800","00",,
,"617296","0",,1.489437394074,,"61041210062002","04","121","2002",MEMPAWAH,SADANIANG,HUTAN,,"006","61",,,SUAK BARANGAN,KALIMANTAN BARAT,,,,,,2024_1,,"6104121006200200","00",,
,"617295","0",,1.06037707589751,,"61040910020004","04","091","0004",MEMPAWAH,ANJONGAN,RT 017 RW 01,,"002","61",,,ANJUNGAN MELANCAR,KALIMANTAN BARAT,,,,,,2024_1,,"6104091002000400","00",,
,"617294","0",,0.155095863334274,,"61040810030001","04","081","0001",MEMPAWAH,SEGEDONG,RT 001 RW 01 DUSUN NELAYAN,,"003","61",,,SUNGAI PURUN BESAR,KALIMANTAN BARAT,,,,,,2024_1,,"6104081003000100","00",,
,"617293","0",,2.24278338033478,,"61041200082002","04","120","2002",MEMPAWAH,TOHO,RT 002 DUSUN PINANG,,"008","61",,,KECURIT,KALIMANTAN BARAT,,,,,,2024_1,,"6104120008200200","00",,
,"617292","0",,0.821380205402784,,"61041200080003","04","120","0003",MEMPAWAH,TOHO,RT 003 DUSUN PINANG,,"008","61",,,KECURIT,KALIMANTAN BARAT,,,,,,2024_1,,"6104120008000300","00",,
,"617291","0",,0.502502101768239,,"61040800010019","04","080","0019",MEMPAWAH,JONGKAT,RT 016 RW 04 DUSUN MELATI,,"001","61",,,SUNGAI NIPAH,KALIMANTAN BARAT,,,,,,2024_1,,"6104080001001900","00",,
,"617290","0",,11.3559365434169,,"61041000122002","04","100","2002",MEMPAWAH,MEMPAWAH HILIR,HUTAN(KANAN JALAN,,"012","61",,,PASIR,KALIMANTAN BARAT,,,,,,2024_1,,"6104100012200200","00",,
,"617289","0",,0.052048927659819,,"61041100100004","04","110","0004",MEMPAWAH,SUNGAI KUNYIT,RT 004 RW 01 DUSUN MAYASARI,,"010","61",,,SUNGAI BUNDUNG LAUT,KALIMANTAN BARAT,,,,,,2024_1,,"6104110010000400","00",,
,"617288","0",,0.419307387080005,,"61041100080008","04","110","0008",MEMPAWAH,SUNGAI KUNYIT,RT 008 RW 03 DUSUN SEKIP I,,"008","61",,,SUNGAI KUNYIT HULU,KALIMANTAN BARAT,,,,,,2024_1,,"6104110008000800","00",,
,"617287","0",,0.295933551322021,,"61040800020041","04","080","0041",MEMPAWAH,JONGKAT,RT 001 RW 009 DUSUN ALIANYANG,,"002","61",,,JUNGKAT,KALIMANTAN BARAT,,,,,,2024_1,,"6104080002004100","00",,
,"617286","0",,0.426007879361789,,"61041100070006","04","110","0006",MEMPAWAH,SUNGAI KUNYIT,RT 006 RW 02 DUSUN MAWAR,,"007","61",,,SUNGAI KUNYIT DALAM,KALIMANTAN BARAT,,,,,,2024_1,,"6104110007000600","00",,
,"617285","0",,0.094874919800653,,"61041000080035","04","100","0035",MEMPAWAH,MEMPAWAH HILIR,RT 021 RW 16,,"008","61",,,TERUSAN,KALIMANTAN BARAT,,,,,,2024_1,,"6104100008003500","00",,
,"617284","0",,0.02282461510701,,"61040800030004","04","080","0004",MEMPAWAH,JONGKAT,RT 004 RW 01 DUSUN JERUK,,"003","61",,,WAJOK HILIR,KALIMANTAN BARAT,,,,,,2024_1,,"6104080003000400","00",,
,"617283","0",,0.275205588674972,,"61040800030002","04","080","0002",MEMPAWAH,JONGKAT,RT 002 RW 01 DUSUN JERUK,,"003","61",,,WAJOK HILIR,KALIMANTAN BARAT,,,,,,2024_1,,"6104080003000200","00",,
,"617282","0",,0.113146901441311,,"61040800040016","04","080","0016",MEMPAWAH,JONGKAT,RT 008 RW 01 DUSUN KUNYIT,,"004","61",,,WAJOK HULU,KALIMANTAN BARAT,,,,,,2024_1,,"6104080004001600","00",,
,"617281","0",,1.77166390366731,,"61040810050036","04","081","0036",MEMPAWAH,SEGEDONG,RT 005 RW 014 DUSUN SABAR MENANTI,,"005","61",,,PENITI BESAR,KALIMANTAN BARAT,,,,,,2024_1,,"6104081005003600","00",,
,"617280","0",,0.03821678856523,,"61041000070014","04","100","0014",MEMPAWAH,MEMPAWAH HILIR,RT 014 RW 05,,"007","61",,,TENGAH,KALIMANTAN BARAT,,,,,,2024_1,,"6104100007001400","00",,
,"617300","0",,0.086722855970898,,"61041100100016","04","110","0016",MEMPAWAH,SUNGAI KUNYIT,RT 006 RW 02 DUSUN SUKA TANI,,"010","61",,,SUNGAI BUNDUNG LAUT,KALIMANTAN BARAT,,,,,,2024_1,,"6104110010001600","00",,
,"617279","0",,1.33550407948423,,"61040810050021","04","081","0021",MEMPAWAH,SEGEDONG,RT 003 RW 007 DUSUN KARYA BERSAMA,,"005","61",,,PENITI BESAR,KALIMANTAN BARAT,,,,,,2024_1,,"6104081005002100","00",,
,"617278","0",,0.213120850368595,,"61041200090004","04","120","0004",MEMPAWAH,TOHO,RT 004 RW 01 DUSUN TOHO LIAR,,"009","61",,,TOHO ILIR,KALIMANTAN BARAT,,,,,,2024_1,,"6104120009000400","00",,
,"617276","0",,0.191383995440127,,"61041000080016","04","100","0016",MEMPAWAH,MEMPAWAH HILIR,RT 034 RW 07,,"008","61",,,TERUSAN,KALIMANTAN BARAT,,,,,,2024_1,,"6104100008001600","00",,
,"617275","0",,0.156550272941596,,"61041000130007","04","100","0007",MEMPAWAH,MEMPAWAH HILIR,RT 07 RW 03 DUSUN DEWA SUHAR MANIK,,"013","61",,,PENIBUNG,KALIMANTAN BARAT,,,,,,2024_1,,"6104100013000700","00",,
,"617274","0",,0.915012627975337,,"61041010020026","04","101","0026",MEMPAWAH,MEMPAWAH TIMUR,RT 021 RW 06 DUSUN SENAMBUNG,,"002","61",,,SUNGAI BAKAU KECIL,KALIMANTAN BARAT,,,,,,2024_1,,"6104101002002600","00",,
,"617273","0",,0.019955410480992,,"61041010010002","04","101","0002",MEMPAWAH,MEMPAWAH TIMUR,RT 002 RW 01,,"001","61",,,PASIR WAN SALIM,KALIMANTAN BARAT,,,,,,2024_1,,"6104101001000200","00",,
,"617272","0",,0.023997356653874,,"61040800040049","04","080","0049",MEMPAWAH,JONGKAT,RT 010 RW 05 DUSUN PANDAN,,"004","61",,,WAJOK HULU,KALIMANTAN BARAT,,,,,,2024_1,,"6104080004004900","00",,
,"617271","0",,0.275275123261587,,"61041100060008","04","110","0008",MEMPAWAH,SUNGAI KUNYIT,RT 005 RW 03 DUSUN TENANG,,"006","61",,,SUNGAI KUNYIT LAUT,KALIMANTAN BARAT,,,,,,2024_1,,"6104110006000800","00",,
,"617270","0",,0.505078238409408,,"61041010060029","04","101","0029",MEMPAWAH,MEMPAWAH TIMUR,RT 029 RW 09 DUSUN BUKIT ASAM,,"006","61",,,ANTIBAR,KALIMANTAN BARAT,,,,,,2024_1,,"6104101006002900","00",,
,"617269","0",,0.574200262785327,,"61041010010015","04","101","0015",MEMPAWAH,MEMPAWAH TIMUR,RT 015 RW 08,,"001","61",,,PASIR WAN SALIM,KALIMANTAN BARAT,,,,,,2024_1,,"6104101001001500","00",,
,"617268","0",,0.106180353418897,,"61040810010013","04","081","0013",MEMPAWAH,SEGEDONG,RT 013 RW 004 DUSUN WAK PAIK,,"001","61",,,PENITI DALAM I,KALIMANTAN BARAT,,,,,,2024_1,,"6104081001001300","00",,
,"617267","0",,0.408041975950734,,"61041000120001","04","100","0001",MEMPAWAH,MEMPAWAH HILIR,RT 001 RW 01 DUSUN LESTARI,,"012","61",,,PASIR,KALIMANTAN BARAT,,,,,,2024_1,,"6104100012000100","00",,
,"617266","0",,0.184679014738994,,"61041010020015","04","101","0015",MEMPAWAH,MEMPAWAH TIMUR,RT 035 RW 04 DUSUN KEDAONG,,"002","61",,,SUNGAI BAKAU KECIL,KALIMANTAN BARAT,,,,,,2024_1,,"6104101002001500","00",,
,"617265","0",,0.451118000568216,,"61041010080018","04","101","0018",MEMPAWAH,MEMPAWAH TIMUR,RT 018 RW 09 DUSUN AMPULOR,,"008","61",,,PARIT BANJAR,KALIMANTAN BARAT,,,,,,2024_1,,"6104101008001800","00",,
,"617264","0",,0.43945724441442,,"61041000120003","04","100","0003",MEMPAWAH,MEMPAWAH HILIR,RT 003 RW 01 DUSUN LESTARI,,"012","61",,,PASIR,KALIMANTAN BARAT,,,,,,2024_1,,"6104100012000300","00",,
,"617263","0",,1.23822575844782,,"61040810040008","04","081","0008",MEMPAWAH,SEGEDONG,RT 008 RW 004 DUSUN ASAM,,"004","61",,,PARIT BUGIS,KALIMANTAN BARAT,,,,,,2024_1,,"6104081004000800","00",,
,"617262","0",,0.158700839904903,,"61041100050003","04","110","0003",MEMPAWAH,SUNGAI KUNYIT,RT 003 RW 01 DUSUN PEMBANGUNAN,,"005","61",,,SUNGAI LIMAU,KALIMANTAN BARAT,,,,,,2024_1,,"6104110005000300","00",,
,"617261","0",,1.11759141031322,,"61041000070023","04","100","0023",MEMPAWAH,MEMPAWAH HILIR,RT 022 RW 08,,"007","61",,,TENGAH,KALIMANTAN BARAT,,,,,,2024_1,,"6104100007002300","00",,
,"617260","0",,1.01559570287137,,"61040900120002","04","090","0002",MEMPAWAH,SUNGAI PINYUH,RT 002 RW 01 DUSUN PARIT KURUS,,"012","61",,,SUNGAI BAKAU BESAR DARAT,KALIMANTAN BARAT,,,,,,2024_1,,"6104090012000200","00",,
,"617259","0",,0.288247044339284,,"61041010020024","04","101","0024",MEMPAWAH,MEMPAWAH TIMUR,RT 017 RW 05 DUSUN SEPAKAT DARAT,,"002","61",,,SUNGAI BAKAU KECIL,KALIMANTAN BARAT,,,,,,2024_1,,"6104101002002400","00",,
,"617258","0",,0.375607923906503,,"61041210020001","04","121","0001",MEMPAWAH,SADANIANG,RT 001 RW 01 DUSUN SEKABUK,,"002","61",,,SEKABUK,KALIMANTAN BARAT,,,,,,2024_1,,"6104121002000100","00",,
,"617257","0",,0.519062882683558,,"61041000150017","04","100","0017",MEMPAWAH,MEMPAWAH HILIR,RT 17 RW 07 DUSUN FAJAR,,"015","61",,,MALIKIAN,KALIMANTAN BARAT,,,,,,2024_1,,"6104100015001700","00",,
,"617256","0",,0.141240602801484,,"61040910040006","04","091","0006",MEMPAWAH,ANJONGAN,RT 006 RW 02 DUSUN PAK BULU,,"004","61",,,PAK BULU,KALIMANTAN BARAT,,,,,,2024_1,,"6104091004000600","00",,
,"617255","0",,0.378967826564233,,"61041010020034","04","101","0034",MEMPAWAH,MEMPAWAH TIMUR,RT 028 RW 08 DUSUN KONSASI,,"002","61",,,SUNGAI BAKAU KECIL,KALIMANTAN BARAT,,,,,,2024_1,,"6104101002003400","00",,
,"617254","0",,0.011495492863339,,"61040800020031","04","080","0031",MEMPAWAH,JONGKAT,RT 004 RW 005 DUSUN PANGSUMA,,"002","61",,,JUNGKAT,KALIMANTAN BARAT,,,,,,2024_1,,"6104080002003100","00",,
,"617253","0",,0.504837737881894,,"61040800020006","04","080","0006",MEMPAWAH,JONGKAT,RT 001 RW 002 DUSUN URAI BAWADI,,"002","61",,,JUNGKAT,KALIMANTAN BARAT,,,,,,2024_1,,"6104080002000600","00",,
,"617252","0",,0.026123388162842,,"61041000070020","04","100","0020",MEMPAWAH,MEMPAWAH HILIR,RT 024 RW 07,,"007","61",,,TENGAH,KALIMANTAN BARAT,,,,,,2024_1,,"6104100007002000","00",,
,"617251","0",,0.764083571578408,,"61040800040053","04","080","0053",MEMPAWAH,JONGKAT,RT 002 RW 03 DUSUN TELUK DALAM,,"004","61",,,WAJOK HULU,KALIMANTAN BARAT,,,,,,2024_1,,"6104080004005300","00",,
,"617250","0",,0.036608062469836,,"61040900090036","04","090","0036",MEMPAWAH,SUNGAI PINYUH,RT 003 RW 005,,"009","61",,,SUNGAI PINYUH,KALIMANTAN BARAT,,,,,,2024_1,,"6104090009003600","00",,
,"617249","0",,0.41851320316794,,"61040900120015","04","090","0015",MEMPAWAH,SUNGAI PINYUH,RT 015 RW 08 DUSUN PARIT H. AMIN,,"012","61",,,SUNGAI BAKAU BESAR DARAT,KALIMANTAN BARAT,,,,,,2024_1,,"6104090012001500","00",,
,"617248","0",,0.679075104603626,,"61040810060022","04","081","0022",MEMPAWAH,SEGEDONG,RT 020 RW 004 DUSUN LEMBAH HIJAU,,"006","61",,,PENITI DALAM II,KALIMANTAN BARAT,,,,,,2024_1,,"6104081006002200","00",,
,"617247","0",,0.080816754656931,,"61041000080012","04","100","0012",MEMPAWAH,MEMPAWAH HILIR,RT 019 RW 06,,"008","61",,,TERUSAN,KALIMANTAN BARAT,,,,,,2024_1,,"6104100008001200","00",,
,"617246","0",,0.913834487904139,,"61040800030016","04","080","0016",MEMPAWAH,JONGKAT,RT 001 RW 12 DUSUN PADI,,"003","61",,,WAJOK HILIR,KALIMANTAN BARAT,,,,,,2024_1,,"6104080003001600","00",,
,"617245","0",,0.043978868443685,,"61040810040001","04","081","0001",MEMPAWAH,SEGEDONG,RT 001 RW 001 DUSUN KERANJI,,"004","61",,,PARIT BUGIS,KALIMANTAN BARAT,,,,,,2024_1,,"6104081004000100","00",,
,"617244","0",,0.185285847972792,,"61041010060015","04","101","0015",MEMPAWAH,MEMPAWAH TIMUR,RT 015 RW 05 DUSUN SATRIA,,"006","61",,,ANTIBAR,KALIMANTAN BARAT,,,,,,2024_1,,"6104101006001500","00",,
,"617243","0",,0.858025535908778,,"61040900090020","04","090","0020",MEMPAWAH,SUNGAI PINYUH,RT 003 RW 003,,"009","61",,,SUNGAI PINYUH,KALIMANTAN BARAT,,,,,,2024_1,,"6104090009002000","00",,
,"617242","0",,0.260007527132568,,"61040900090004","04","090","0004",MEMPAWAH,SUNGAI PINYUH,RT 004 RW 001,,"009","61",,,SUNGAI PINYUH,KALIMANTAN BARAT,,,,,,2024_1,,"6104090009000400","00",,
,"617241","0",,0.440523522252686,,"61041100030010","04","110","0010",MEMPAWAH,SUNGAI KUNYIT,RT 010 RW 03 DUSUN TELAGA PUTIH,,"003","61",,,MENDALOK,KALIMANTAN BARAT,,,,,,2024_1,,"6104110003001000","00",,
,"617240","0",,0.899173349064114,,"61040810010001","04","081","0001",MEMPAWAH,SEGEDONG,RT 001 RW 001 DUSUN SY. ABU BAKAR,,"001","61",,,PENITI DALAM I,KALIMANTAN BARAT,,,,,,2024_1,,"6104081001000100","00",,
,"617239","0",,0.072273447709011,,"61040810010007","04","081","0007",MEMPAWAH,SEGEDONG,RT 007 RW 002 DUSUN SY. ABU BAKAR,,"001","61",,,PENITI DALAM I,KALIMANTAN BARAT,,,,,,2024_1,,"6104081001000700","00",,
,"617238","0",,0.263421125137316,,"61041010010011","04","101","0011",MEMPAWAH,MEMPAWAH TIMUR,RT 011 RW 06,,"001","61",,,PASIR WAN SALIM,KALIMANTAN BARAT,,,,,,2024_1,,"6104101001001100","00",,
,"617237","0",,0.225277066605071,,"61040910020020","04","091","0020",MEMPAWAH,ANJONGAN,RT 012 RW 04,,"002","61",,,ANJUNGAN MELANCAR,KALIMANTAN BARAT,,,,,,2024_1,,"6104091002002000","00",,
,"617236","0",,1.43567453432811,,"61040900010003","04","090","0003",MEMPAWAH,SUNGAI PINYUH,RT 003 RW 02 DUSUN NIKMAT,,"001","61",,,SUNGAI PURUN KECIL,KALIMANTAN BARAT,,,,,,2024_1,,"6104090001000300","00",,
,"617235","0",,0.638001770014631,,"61041000120012","04","100","0012",MEMPAWAH,MEMPAWAH HILIR,RT 010 RW 03 DUSUN PASIR TENGAH,,"012","61",,,PASIR,KALIMANTAN BARAT,,,,,,2024_1,,"6104100012001200","00",,
,"617234","0",,0.44873207291146,,"61041000120013","04","100","0013",MEMPAWAH,MEMPAWAH HILIR,RT 030 RW 03 DUSUN PASIR TENGAH,,"012","61",,,PASIR,KALIMANTAN BARAT,,,,,,2024_1,,"6104100012001300","00",,
,"617233","0",,1.02801145039495,,"61040900090019","04","090","0019",MEMPAWAH,SUNGAI PINYUH,RT 002 RW 003,,"009","61",,,SUNGAI PINYUH,KALIMANTAN BARAT,,,,,,2024_1,,"6104090009001900","00",,
,"617232","0",,1.21948097712087,,"61040900120012","04","090","0012",MEMPAWAH,SUNGAI PINYUH,RT 012 RW 06 DUSUN SIMPANG EMPAT,,"012","61",,,SUNGAI BAKAU BESAR DARAT,KALIMANTAN BARAT,,,,,,2024_1,,"6104090012001200","00",,
,"617231","0",,0.05850168502816,,"61041100060001","04","110","0001",MEMPAWAH,SUNGAI KUNYIT,RT 001 RW 01 DUSUN SABAR,,"006","61",,,SUNGAI KUNYIT LAUT,KALIMANTAN BARAT,,,,,,2024_1,,"6104110006000100","00",,
,"617230","0",,0.373102230684252,,"61041100070003","04","110","0003",MEMPAWAH,SUNGAI KUNYIT,RT 003 RW 01 DUSUN MELATI,,"007","61",,,SUNGAI KUNYIT DALAM,KALIMANTAN BARAT,,,,,,2024_1,,"6104110007000300","00",,
,"617229","0",,0.775034482697054,,"61040910050003","04","091","0003",MEMPAWAH,ANJONGAN,RT 010 RW 01 DUSUN BAGURUH,,"005","61",,,DEMA,KALIMANTAN BARAT,,,,,,2024_1,,"6104091005000300","00",,
,"617228","0",,0.026458352176059,,"61040800010003","04","080","0003",MEMPAWAH,JONGKAT,RT 003 RW 01 DUSUN MAWAR,,"001","61",,,SUNGAI NIPAH,KALIMANTAN BARAT,,,,,,2024_1,,"6104080001000300","00",,
,"617227","0",,1.08231163162495,,"61040800010002","04","080","0002",MEMPAWAH,JONGKAT,RT 002 RW 01 DUSUN MAWAR,,"001","61",,,SUNGAI NIPAH,KALIMANTAN BARAT,,,,,,2024_1,,"6104080001000200","00",,
,"617226","0",,0.541565911432546,,"61040800020054","04","080","0054",MEMPAWAH,JONGKAT,RT 002 RW 011 DUSUN RADEN TAUFIK,,"002","61",,,JUNGKAT,KALIMANTAN BARAT,,,,,,2024_1,,"6104080002005400","00",,
,"617225","0",,0.09442487464537,,"61041100010004","04","110","0004",MEMPAWAH,SUNGAI KUNYIT,RT 004 RW 02 DUSUN INDAH,,"001","61",,,SEMUDUN,KALIMANTAN BARAT,,,,,,2024_1,,"6104110001000400","00",,
,"617224","0",,0.429991007946733,,"61040800032005","04","080","2005",MEMPAWAH,JONGKAT,PULAU BARU,,"003","61",,,WAJOK HILIR,KALIMANTAN BARAT,,,,,,2024_1,,"6104080003200500","00",,
,"617223","0",,0.720521146027243,,"61041010080008","04","101","0008",MEMPAWAH,MEMPAWAH TIMUR,RT 008 RW 05 DUSUN PARIT BANJAR TENGAH,,"008","61",,,PARIT BANJAR,KALIMANTAN BARAT,,,,,,2024_1,,"6104101008000800","00",,
,"617222","0",,0.058573140392062,,"61040810040002","04","081","0002",MEMPAWAH,SEGEDONG,RT 002 RW 001 DUSUN KERANJI,,"004","61",,,PARIT BUGIS,KALIMANTAN BARAT,,,,,,2024_1,,"6104081004000200","00",,
,"617221","0",,1.69036389507798,,"61040800020044","04","080","0044",MEMPAWAH,JONGKAT,RT 001 RW 017 DUSUN SULTAN MUHAMMAD,,"002","61",,,JUNGKAT,KALIMANTAN BARAT,,,,,,2024_1,,"6104080002004400","00",,
,"617220","0",,0.049248178308138,,"61040800020032","04","080","0032",MEMPAWAH,JONGKAT,RT 005 RW 005 DUSUN PANGSUMA,,"002","61",,,JUNGKAT,KALIMANTAN BARAT,,,,,,2024_1,,"6104080002003200","00",,
,"617219","0",,0.647025841309648,,"61040900120017","04","090","0017",MEMPAWAH,SUNGAI PINYUH,RT 017 RW 09 DUSUN PARIT AKOP,,"012","61",,,SUNGAI BAKAU BESAR DARAT,KALIMANTAN BARAT,,,,,,2024_1,,"6104090012001700","00",,
,"617218","0",,0.299688195546874,,"61040810010022","04","081","0022",MEMPAWAH,SEGEDONG,RT 022 RW 006 DUSUN AMBO PINANG,,"001","61",,,PENITI DALAM I,KALIMANTAN BARAT,,,,,,2024_1,,"6104081001002200","00",,
,"617217","0",,0.407100137766939,,"61040900040019","04","090","0019",MEMPAWAH,SUNGAI PINYUH,RT 003 RW 08 DUSUN 04,,"004","61",,,NUSAPATI,KALIMANTAN BARAT,,,,,,2024_1,,"6104090004001900","00",,
,"617216","0",,0.515629183253399,,"61041200040004","04","120","0004",MEMPAWAH,TOHO,RT 004 RW 02 DUSUN 001,,"004","61",,,PAK UTAN,KALIMANTAN BARAT,,,,,,2024_1,,"6104120004000400","00",,
,"617215","0",,2.21975762452119,,"61041200040013","04","120","0013",MEMPAWAH,TOHO,RT 012 RW 04 DUSUN 004,,"004","61",,,PAK UTAN,KALIMANTAN BARAT,,,,,,2024_1,,"6104120004001300","00",,
,"617214","0",,1.03768814383052,,"61041000020011","04","100","0011",MEMPAWAH,MEMPAWAH HILIR,RT 011 RW 06 DUSUN KARYA,,"002","61",,,KUALA SECAPAH,KALIMANTAN BARAT,,,,,,2024_1,,"6104100002001100","00",,
,"617213","0",,0.096990921744887,,"61041000080038","04","100","0038",MEMPAWAH,MEMPAWAH HILIR,RT 024 RW 17,,"008","61",,,TERUSAN,KALIMANTAN BARAT,,,,,,2024_1,,"6104100008003800","00",,
,"617171","0",,0.366706279757033,,"61040900090001","04","090","0001",MEMPAWAH,SUNGAI PINYUH,RT 001 RW 001,,"009","61",,,SUNGAI PINYUH,KALIMANTAN BARAT,,,,,,2024_1,,"6104090009000100","00",,
,"617170","0",,2.9071984694251,,"61040800060002","04","080","0002",MEMPAWAH,JONGKAT,RT 002 RW 01 DUSUN KARYA BHAKTI,,"006","61",,,PENITI LUAR,KALIMANTAN BARAT,,,,,,2024_1,,"6104080006000200","00",,
,"617169","0",,2.24748486468636,,"61040800060010","04","080","0010",MEMPAWAH,JONGKAT,RT 001 RW 03 DUSUN PANCA BHAKTI,,"006","61",,,PENITI LUAR,KALIMANTAN BARAT,,,,,,2024_1,,"6104080006001000","00",,
,"617168","0",,0.147398996379832,,"61040910060009","04","091","0009",MEMPAWAH,ANJONGAN,RT 009 RW 02 DUSUN LAHUAK,,"006","61",,,KEPAYANG,KALIMANTAN BARAT,,,,,,2024_1,,"6104091006000900","00",,
,"617174","0",,0.58815318395502,,"61040910050007","04","091","0007",MEMPAWAH,ANJONGAN,RT 005 RW 02 DUSUN DEMA,,"005","61",,,DEMA,KALIMANTAN BARAT,,,,,,2024_1,,"6104091005000700","00",,
,"617167","0",,0.097628010872163,,"61040910030002","04","091","0002",MEMPAWAH,ANJONGAN,RT 002 RW 01 DUSUN TERDU,,"003","61",,,ANJUNGAN DALAM,KALIMANTAN BARAT,,,,,,2024_1,,"6104091003000200","00",,
,"617166","0",,1.18739667185887,,"61040800010022","04","080","0022",MEMPAWAH,JONGKAT,RT 019 RW 04 DUSUN MELATI,,"001","61",,,SUNGAI NIPAH,KALIMANTAN BARAT,,,,,,2024_1,,"6104080001002200","00",,
,"617165","0",,0.603573567626378,,"61041000140016","04","100","0016",MEMPAWAH,MEMPAWAH HILIR,RT 016 RW 007 DUSUN PARIT SENIN,,"014","61",,,SENGKUBANG,KALIMANTAN BARAT,,,,,,2024_1,,"6104100014001600","00",,
,"617164","0",,1.91200046855213,,"61040810050034","04","081","0034",MEMPAWAH,SEGEDONG,RT 003 RW 013 DUSUN SABAR MENANTI,,"005","61",,,PENITI BESAR,KALIMANTAN BARAT,,,,,,2024_1,,"6104081005003400","00",,
,"617163","0",,0.933100778568549,,"61040810050033","04","081","0033",MEMPAWAH,SEGEDONG,RT 002 RW 013 DUSUN SABAR MENANTI,,"005","61",,,PENITI BESAR,KALIMANTAN BARAT,,,,,,2024_1,,"6104081005003300","00",,
,"617162","0",,0.055617757462423,,"61041010060008","04","101","0008",MEMPAWAH,MEMPAWAH TIMUR,RT 008 RW 03 DUSUN HARAPAN,,"006","61",,,ANTIBAR,KALIMANTAN BARAT,,,,,,2024_1,,"6104101006000800","00",,
,"617161","0",,0.185815345889896,,"61040910020022","04","091","0022",MEMPAWAH,ANJONGAN,RT 014 RW 04,,"002","61",,,ANJUNGAN MELANCAR,KALIMANTAN BARAT,,,,,,2024_1,,"6104091002002200","00",,
,"617160","0",,0.394301549589813,,"61040910020019","04","091","0019",MEMPAWAH,ANJONGAN,RT 011 RW 04,,"002","61",,,ANJUNGAN MELANCAR,KALIMANTAN BARAT,,,,,,2024_1,,"6104091002001900","00",,
,"617159","0",,0.257559461127483,,"61040900050010","04","090","0010",MEMPAWAH,SUNGAI PINYUH,RT 010 RW 04 DUSUN SELATAN,,"005","61",,,GALANG,KALIMANTAN BARAT,,,,,,2024_1,,"6104090005001000","00",,
,"617158","0",,0.008535996798661,,"61041000150005","04","100","0005",MEMPAWAH,MEMPAWAH HILIR,RT 05 RW 02 DUSUN MENTARI,,"015","61",,,MALIKIAN,KALIMANTAN BARAT,,,,,,2024_1,,"6104100015000500","00",,
,"617157","0",,0.050146560973486,,"61041100010007","04","110","0007",MEMPAWAH,SUNGAI KUNYIT,RT 007 RW 04 DUSUN PERMAI,,"001","61",,,SEMUDUN,KALIMANTAN BARAT,,,,,,2024_1,,"6104110001000700","00",,
,"617156","0",,0.553777435555906,,"61040900030016","04","090","0016",MEMPAWAH,SUNGAI PINYUH,RT 016 RW 08 DUSUN PENIRAMAN DALAM,,"003","61",,,PENIRAMAN,KALIMANTAN BARAT,,,,,,2024_1,,"6104090003001600","00",,
,"617155","0",,0.182068370764588,,"61041000140007","04","100","0007",MEMPAWAH,MEMPAWAH HILIR,RT 007 RW 003 DUSUN SUKA DAMAI,,"014","61",,,SENGKUBANG,KALIMANTAN BARAT,,,,,,2024_1,,"6104100014000700","00",,
,"617154","0",,0.222047204624357,,"61040800010008","04","080","0008",MEMPAWAH,JONGKAT,RT 006 RW 02 DUSUN MAWAR,,"001","61",,,SUNGAI NIPAH,KALIMANTAN BARAT,,,,,,2024_1,,"6104080001000800","00",,
,"617153","0",,0.164546068728208,,"61041100030002","04","110","0002",MEMPAWAH,SUNGAI KUNYIT,RT 002 RW 01 DUSUN MANDALA,,"003","61",,,MENDALOK,KALIMANTAN BARAT,,,,,,2024_1,,"6104110003000200","00",,
,"617152","0",,1.10252270675175,,"61041100030004","04","110","0004",MEMPAWAH,SUNGAI KUNYIT,RT 004 RW 01 DUSUN MANDALA,,"003","61",,,MENDALOK,KALIMANTAN BARAT,,,,,,2024_1,,"6104110003000400","00",,
,"617151","0",,0.44585711569651,,"61041010020028","04","101","0028",MEMPAWAH,MEMPAWAH TIMUR,RT 023 RW 06 DUSUN SENAMBUNG,,"002","61",,,SUNGAI BAKAU KECIL,KALIMANTAN BARAT,,,,,,2024_1,,"6104101002002800","00",,
,"617150","0",,0.205481538161355,,"61040900010014","04","090","0014",MEMPAWAH,SUNGAI PINYUH,RT 014 RW 07 DUSUN SEJAHTERA,,"001","61",,,SUNGAI PURUN KECIL,KALIMANTAN BARAT,,,,,,2024_1,,"6104090001001400","00",,
,"617148","0",,0.075439407400955,,"61040910030010","04","091","0010",MEMPAWAH,ANJONGAN,RT 009 RW 02 DUSUN PRAMUKA,,"003","61",,,ANJUNGAN DALAM,KALIMANTAN BARAT,,,,,,2024_1,,"6104091003001000","00",,
,"617147","0",,2.30120770846707,,"61040810040009","04","081","0009",MEMPAWAH,SEGEDONG,RT 009 RW 004 DUSUN ASAM,,"004","61",,,PARIT BUGIS,KALIMANTAN BARAT,,,,,,2024_1,,"6104081004000900","00",,
,"617146","0",,0.310480964979778,,"61040810021001","04","081","1001",MEMPAWAH,SEGEDONG,KEBUN SAWIT,,"002","61",,,SUNGAI BURUNG,KALIMANTAN BARAT,,,,,,2024_1,,"6104081002100100","00",,
,"617145","0",,1.68739479900153,,"61040810010006","04","081","0006",MEMPAWAH,SEGEDONG,RT 006 RW 002 DUSUN SY. ABU BAKAR,,"001","61",,,PENITI DALAM I,KALIMANTAN BARAT,,,,,,2024_1,,"6104081001000600","00",,
,"617144","0",,0.571676830531605,,"61041000120011","04","100","0011",MEMPAWAH,MEMPAWAH HILIR,RT 009 RW 03 DUSUN PASIR TENGAH,,"012","61",,,PASIR,KALIMANTAN BARAT,,,,,,2024_1,,"6104100012001100","00",,
,"617143","0",,1.3827555727316,,"61041000120014","04","100","0014",MEMPAWAH,MEMPAWAH HILIR,RT 011 RW 04 DUSUN PASIR TENGAH,,"012","61",,,PASIR,KALIMANTAN BARAT,,,,,,2024_1,,"6104100012001400","00",,
,"617142","0",,0.272840897352741,,"61041210020008","04","121","0008",MEMPAWAH,SADANIANG,RT 008 RW 06 DUSUN GELOMBANG,,"002","61",,,SEKABUK,KALIMANTAN BARAT,,,,,,2024_1,,"6104121002000800","00",,
,"617141","0",,0.589112003527846,,"61041210020006","04","121","0006",MEMPAWAH,SADANIANG,RT 006 RW 04 DUSUN TITI DAHAN,,"002","61",,,SEKABUK,KALIMANTAN BARAT,,,,,,2024_1,,"6104121002000600","00",,
,"617140","0",,0.016289472397922,,"61041000070016","04","100","0016",MEMPAWAH,MEMPAWAH HILIR,RT 016 RW 06,,"007","61",,,TENGAH,KALIMANTAN BARAT,,,,,,2024_1,,"6104100007001600","00",,
,"617139","0",,0.867341984636137,,"61041010060022","04","101","0022",MEMPAWAH,MEMPAWAH TIMUR,RT 022 RW 06 DUSUN MOTON JAYA,,"006","61",,,ANTIBAR,KALIMANTAN BARAT,,,,,,2024_1,,"6104101006002200","00",,
,"617138","0",,1.49562051417259,,"61041200090005","04","120","0005",MEMPAWAH,TOHO,RT 005 RW 01 DUSUN TOHO LIAR,,"009","61",,,TOHO ILIR,KALIMANTAN BARAT,,,,,,2024_1,,"6104120009000500","00",,
,"617137","0",,0.544252689899368,,"61041010030011","04","101","0011",MEMPAWAH,MEMPAWAH TIMUR,RT 011 RW 06 DUSUN TERAJU MAS,,"003","61",,,PASIR PANJANG,KALIMANTAN BARAT,,,,,,2024_1,,"6104101003001100","00",,
,"617136","0",,0.019448104771146,,"61040800040021","04","080","0021",MEMPAWAH,JONGKAT,RT 006 RW 06 DUSUN KUNYIT,,"004","61",,,WAJOK HULU,KALIMANTAN BARAT,,,,,,2024_1,,"6104080004002100","00",,
,"617135","0",,0.731815826805824,,"61041010040012","04","101","0012",MEMPAWAH,MEMPAWAH TIMUR,RT 012 RW 06 DUSUN TEKAM BARU,,"004","61",,,PASIR PALEMBANG,KALIMANTAN BARAT,,,,,,2024_1,,"6104101004001200","00",,
,"617134","0",,1.58509622068123,,"61040800020047","04","080","0047",MEMPAWAH,JONGKAT,RT 002 RW 018 DUSUN SULTAN MUHAMMAD,,"002","61",,,JUNGKAT,KALIMANTAN BARAT,,,,,,2024_1,,"6104080002004700","00",,
,"617133","0",,0.381668302328729,,"61040800020043","04","080","0043",MEMPAWAH,JONGKAT,RT 003 RW 009 DUSUN ALIANYANG,,"002","61",,,JUNGKAT,KALIMANTAN BARAT,,,,,,2024_1,,"6104080002004300","00",,
,"617132","0",,1.05556748034631,,"61040800010010","04","080","0010",MEMPAWAH,JONGKAT,RT 008 RW 02 DUSUN MAWAR,,"001","61",,,SUNGAI NIPAH,KALIMANTAN BARAT,,,,,,2024_1,,"6104080001001000","00",,
,"617131","0",,0.089394381007214,,"61040800010009","04","080","0009",MEMPAWAH,JONGKAT,RT 007 RW 02 DUSUN MAWAR,,"001","61",,,SUNGAI NIPAH,KALIMANTAN BARAT,,,,,,2024_1,,"6104080001000900","00",,
,"617130","0",,0.492742337447245,,"61041100010014","04","110","0014",MEMPAWAH,SUNGAI KUNYIT,RT 014 RW 07 DUSUN LESTARI,,"001","61",,,SEMUDUN,KALIMANTAN BARAT,,,,,,2024_1,,"6104110001001400","00",,
,"617129","0",,5.47173757540284,,"61040800060013","04","080","0013",MEMPAWAH,JONGKAT,RT 004 RW 03 DUSUN PANCA BHAKTI,,"006","61",,,PENITI LUAR,KALIMANTAN BARAT,,,,,,2024_1,,"6104080006001300","00",,
,"617128","0",,0.164766203184583,,"61040800040015","04","080","0015",MEMPAWAH,JONGKAT,RT 001 RW 01 DUSUN KUNYIT,,"004","61",,,WAJOK HULU,KALIMANTAN BARAT,,,,,,2024_1,,"6104080004001500","00",,
,"617127","0",,0.07210639327501,,"61041010070006","04","101","0006",MEMPAWAH,MEMPAWAH TIMUR,RT 004 RW 03 DUSUN GALAHERANG,,"007","61",,,SEJEGI,KALIMANTAN BARAT,,,,,,2024_1,,"6104101007000600","00",,
,"617126","0",,0.63410882960862,,"61041010020029","04","101","0029",MEMPAWAH,MEMPAWAH TIMUR,RT 024 RW 07 DUSUN BENTENG TIMUR,,"002","61",,,SUNGAI BAKAU KECIL,KALIMANTAN BARAT,,,,,,2024_1,,"6104101002002900","00",,
,"617125","0",,1.18932099397217,,"61041200090011","04","120","0011",MEMPAWAH,TOHO,RT 011 RW 04 DUSUN PROMPONG,,"009","61",,,TOHO ILIR,KALIMANTAN BARAT,,,,,,2024_1,,"6104120009001100","00",,
,"617124","0",,1.10246817109026,,"61040810050009","04","081","0009",MEMPAWAH,SEGEDONG,RT 009 RW 015 DUSUN SUKA DAMAI,,"005","61",,,PENITI BESAR,KALIMANTAN BARAT,,,,,,2024_1,,"6104081005000900","00",,
,"617123","0",,3.07958307849641,,"61040810010009","04","081","0009",MEMPAWAH,SEGEDONG,RT 009 RW 003 DUSUN WAK PAIK,,"001","61",,,PENITI DALAM I,KALIMANTAN BARAT,,,,,,2024_1,,"6104081001000900","00",,
,"617122","0",,1.08822218716216,,"61040810010015","04","081","0015",MEMPAWAH,SEGEDONG,RT 015 RW 004 DUSUN WAK PAIK,,"001","61",,,PENITI DALAM I,KALIMANTAN BARAT,,,,,,2024_1,,"6104081001001500","00",,
,"617121","0",,0.621929850849873,,"61040900040021","04","090","0021",MEMPAWAH,SUNGAI PINYUH,RT 002 RW 09 DUSUN 05,,"004","61",,,NUSAPATI,KALIMANTAN BARAT,,,,,,2024_1,,"6104090004002100","00",,
,"617120","0",,1.63286871989201,,"61041000120018","04","100","0018",MEMPAWAH,MEMPAWAH HILIR,RT 015 RW 06 DUSUN SUAP,,"012","61",,,PASIR,KALIMANTAN BARAT,,,,,,2024_1,,"6104100012001800","00",,
,"617119","0",,0.137908287938305,,"61041000140002","04","100","0002",MEMPAWAH,MEMPAWAH HILIR,RT 002 RW 001 DUSUN BUGIS,,"014","61",,,SENGKUBANG,KALIMANTAN BARAT,,,,,,2024_1,,"6104100014000200","00",,
,"617118","0",,0.015435849605912,,"61041000080029","04","100","0029",MEMPAWAH,MEMPAWAH HILIR,RT 006 RW 13,,"008","61",,,TERUSAN,KALIMANTAN BARAT,,,,,,2024_1,,"6104100008002900","00",,
,"617117","0",,0.169262977757716,,"61041100110004","04","110","0004",MEMPAWAH,SUNGAI KUNYIT,RT 003 RW 02 DUSUN SUBUR,,"011","61",,,SUNGAI DURI I,KALIMANTAN BARAT,,,,,,2024_1,,"6104110011000400","00",,
,"617116","0",,1.61680168000939,,"61040800030005","04","080","0005",MEMPAWAH,JONGKAT,RT 005 RW 01 DUSUN JERUK,,"003","61",,,WAJOK HILIR,KALIMANTAN BARAT,,,,,,2024_1,,"6104080003000500","00",,
,"617115","0",,0.130415125627346,,"61041010030003","04","101","0003",MEMPAWAH,MEMPAWAH TIMUR,RT 003 RW 02 DUSUN PASIR MANDAR,,"003","61",,,PASIR PANJANG,KALIMANTAN BARAT,,,,,,2024_1,,"6104101003000300","00",,
,"617114","0",,1.31140155489072,,"61040810050015","04","081","0015",MEMPAWAH,SEGEDONG,RT 001 RW 005 DUSUN SUKA MAJU,,"005","61",,,PENITI BESAR,KALIMANTAN BARAT,,,,,,2024_1,,"6104081005001500","00",,
,"617113","0",,0.514404342663731,,"61041000120027","04","100","0027",MEMPAWAH,MEMPAWAH HILIR,RT 021 RW 09 DUSUN PARIT AMANKU,,"012","61",,,PASIR,KALIMANTAN BARAT,,,,,,2024_1,,"6104100012002700","00",,
,"617112","0",,0.545140403096524,,"61040900120008","04","090","0008",MEMPAWAH,SUNGAI PINYUH,RT 008 RW 04 DUSUN HULU SUNGAI,,"012","61",,,SUNGAI BAKAU BESAR DARAT,KALIMANTAN BARAT,,,,,,2024_1,,"6104090012000800","00",,
,"617111","0",,0.572432288392292,,"61040900010017","04","090","0017",MEMPAWAH,SUNGAI PINYUH,RT 017 RW 09 DUSUN BAHAGIAH,,"001","61",,,SUNGAI PURUN KECIL,KALIMANTAN BARAT,,,,,,2024_1,,"6104090001001700","00",,
,"617149","0",,0.422038946042352,,"61041010020027","04","101","0027",MEMPAWAH,MEMPAWAH TIMUR,RT 022 RW 06 DUSUN SENAMBUNG,,"002","61",,,SUNGAI BAKAU KECIL,KALIMANTAN BARAT,,,,,,2024_1,,"6104101002002700","00",,
,"617110","0",,1.10303583949547,,"61041200030006","04","120","0006",MEMPAWAH,TOHO,RT 006 RW 02 DUSUN BOBOK,,"003","61",,,BENUANG,KALIMANTAN BARAT,,,,,,2024_1,,"6104120003000600","00",,
,"617109","0",,0.49826070155352,,"61041100050004","04","110","0004",MEMPAWAH,SUNGAI KUNYIT,RT 004 RW 02 DUSUN TANI,,"005","61",,,SUNGAI LIMAU,KALIMANTAN BARAT,,,,,,2024_1,,"6104110005000400","00",,
,"617108","0",,0.76232817078871,,"61041010080016","04","101","0016",MEMPAWAH,MEMPAWAH TIMUR,RT 016 RW 08 DUSUN PARIT BANJAR DARAT,,"008","61",,,PARIT BANJAR,KALIMANTAN BARAT,,,,,,2024_1,,"6104101008001600","00",,
,"617107","0",,0.875364037812436,,"61040810050025","04","081","0025",MEMPAWAH,SEGEDONG,RT 002 RW 009 DUSUN TANI MAKMUR,,"005","61",,,PENITI BESAR,KALIMANTAN BARAT,,,,,,2024_1,,"6104081005002500","00",,
,"617106","0",,0.020696485510044,,"61040800040043","04","080","0043",MEMPAWAH,JONGKAT,RT 004 RW 05 DUSUN PANDAN,,"004","61",,,WAJOK HULU,KALIMANTAN BARAT,,,,,,2024_1,,"6104080004004300","00",,
,"617105","0",,0.121556482573265,,"61040800010004","04","080","0004",MEMPAWAH,JONGKAT,RT 004 RW 01 DUSUN MAWAR,,"001","61",,,SUNGAI NIPAH,KALIMANTAN BARAT,,,,,,2024_1,,"6104080001000400","00",,
,"617104","0",,0.01767987500527,,"61040800040041","04","080","0041",MEMPAWAH,JONGKAT,RT 002 RW 05 DUSUN PANDAN,,"004","61",,,WAJOK HULU,KALIMANTAN BARAT,,,,,,2024_1,,"6104080004004100","00",,
,"617103","0",,0.70941066653633,,"61040800040032","04","080","0032",MEMPAWAH,JONGKAT,RT 003 RW 02 DUSUN LAPAN,,"004","61",,,WAJOK HULU,KALIMANTAN BARAT,,,,,,2024_1,,"6104080004003200","00",,
,"617102","0",,0.566367187776745,,"61040800040038","04","080","0038",MEMPAWAH,JONGKAT,RT 002 RW 08 DUSUN MAMBO,,"004","61",,,WAJOK HULU,KALIMANTAN BARAT,,,,,,2024_1,,"6104080004003800","00",,
,"617100","0",,1.29155789414208,,"61040800010001","04","080","0001",MEMPAWAH,JONGKAT,RT 001 RW 01 DUSUN MAWAR,,"001","61",,,SUNGAI NIPAH,KALIMANTAN BARAT,,,,,,2024_1,,"6104080001000100","00",,
,"617099","0",,1.13397625916179,,"61041200030007","04","120","0007",MEMPAWAH,TOHO,RT 007 RW 03 DUSUN BOBOK,,"003","61",,,BENUANG,KALIMANTAN BARAT,,,,,,2024_1,,"6104120003000700","00",,
,"617098","0",,0.03300510189968,,"61040900090035","04","090","0035",MEMPAWAH,SUNGAI PINYUH,RT 002 RW 005,,"009","61",,,SUNGAI PINYUH,KALIMANTAN BARAT,,,,,,2024_1,,"6104090009003500","00",,
,"617097","0",,0.09928567429604,,"61041010060003","04","101","0003",MEMPAWAH,MEMPAWAH TIMUR,RT 003 RW 01 DUSUN MAKMUR,,"006","61",,,ANTIBAR,KALIMANTAN BARAT,,,,,,2024_1,,"6104101006000300","00",,
,"617096","0",,0.090168989170106,,"61041010060006","04","101","0006",MEMPAWAH,MEMPAWAH TIMUR,RT 006 RW 02 DUSUN PENDIDIKAN,,"006","61",,,ANTIBAR,KALIMANTAN BARAT,,,,,,2024_1,,"6104101006000600","00",,
,"617095","0",,0.911681616644983,,"61041200080001","04","120","0001",MEMPAWAH,TOHO,RT 001 DUSUN PINANG,,"008","61",,,KECURIT,KALIMANTAN BARAT,,,,,,2024_1,,"6104120008000100","00",,
,"617094","0",,0.682817046867058,,"61041200040001","04","120","0001",MEMPAWAH,TOHO,RT 001 RW 01 DUSUN 001,,"004","61",,,PAK UTAN,KALIMANTAN BARAT,,,,,,2024_1,,"6104120004000100","00",,
,"617093","0",,0.362350913143575,,"61040900050012","04","090","0012",MEMPAWAH,SUNGAI PINYUH,RT 012 RW 04 DUSUN SELATAN,,"005","61",,,GALANG,KALIMANTAN BARAT,,,,,,2024_1,,"6104090005001200","00",,
,"617092","0",,0.824920347161921,,"61041200040002","04","120","0002",MEMPAWAH,TOHO,RT 002 RW 01 DUSUN 001,,"004","61",,,PAK UTAN,KALIMANTAN BARAT,,,,,,2024_1,,"6104120004000200","00",,
,"617091","0",,0.484676812507101,,"61040900120011","04","090","0011",MEMPAWAH,SUNGAI PINYUH,RT 011 RW 06 DUSUN SIMPANG EMPAT,,"012","61",,,SUNGAI BAKAU BESAR DARAT,KALIMANTAN BARAT,,,,,,2024_1,,"6104090012001100","00",,
,"617090","0",,0.620729753084897,,"61040910020005","04","091","0005",MEMPAWAH,ANJONGAN,RT 018 RW 01,,"002","61",,,ANJUNGAN MELANCAR,KALIMANTAN BARAT,,,,,,2024_1,,"6104091002000500","00",,
,"617089","0",,0.182156533632624,,"61040910050009","04","091","0009",MEMPAWAH,ANJONGAN,RT 006 RW 03 DUSUN PINYUH KERSIK,,"005","61",,,DEMA,KALIMANTAN BARAT,,,,,,2024_1,,"6104091005000900","00",,
,"617088","0",,0.573084949094074,,"61040800030021","04","080","0021",MEMPAWAH,JONGKAT,RT 004 RW 05 DUSUN KOPI,,"003","61",,,WAJOK HILIR,KALIMANTAN BARAT,,,,,,2024_1,,"6104080003002100","00",,
,"617087","0",,2.97000454784777,,"61040800030017","04","080","0017",MEMPAWAH,JONGKAT,RT 002 RW 12 DUSUN PADI,,"003","61",,,WAJOK HILIR,KALIMANTAN BARAT,,,,,,2024_1,,"6104080003001700","00",,
,"617086","0",,0.02721345168781,,"61040800020025","04","080","0025",MEMPAWAH,JONGKAT,RT 003 RW 013 DUSUN SULTAN ABDURRAHMAN,,"002","61",,,JUNGKAT,KALIMANTAN BARAT,,,,,,2024_1,,"6104080002002500","00",,
,"617085","0",,0.042049542467566,,"61040800040067","04","080","0067",MEMPAWAH,JONGKAT,RT 004 RW 12 DUSUN BRAHIMA,,"004","61",,,WAJOK HULU,KALIMANTAN BARAT,,,,,,2024_1,,"6104080004006700","00",,
,"617084","0",,2.20776702573827,,"61040800020005","04","080","0005",MEMPAWAH,JONGKAT,RT 003 RW 019 DUSUN DAENG MANAMBON,,"002","61",,,JUNGKAT,KALIMANTAN BARAT,,,,,,2024_1,,"6104080002000500","00",,
,"617083","0",,0.348286818010809,,"61041010010016","04","101","0016",MEMPAWAH,MEMPAWAH TIMUR,RT 016 RW 08,,"001","61",,,PASIR WAN SALIM,KALIMANTAN BARAT,,,,,,2024_1,,"6104101001001600","00",,
,"617082","0",,0.243069629192745,,"61041100020009","04","110","0009",MEMPAWAH,SUNGAI KUNYIT,RT 008 RW 03 DUSUN PELANGKIRAN,,"002","61",,,SEMPARONG PARIT RADEN,KALIMANTAN BARAT,,,,,,2024_1,,"6104110002000900","00",,
,"617081","0",,0.094758649372714,,"61041000080032","04","100","0032",MEMPAWAH,MEMPAWAH HILIR,RT 003 RW 14,,"008","61",,,TERUSAN,KALIMANTAN BARAT,,,,,,2024_1,,"6104100008003200","00",,
,"617080","0",,0.330576649589892,,"61041010060019","04","101","0019",MEMPAWAH,MEMPAWAH TIMUR,RT 019 RW 06 DUSUN MOTON JAYA,,"006","61",,,ANTIBAR,KALIMANTAN BARAT,,,,,,2024_1,,"6104101006001900","00",,
,"617079","0",,0.295957639039421,,"61040900100002","04","090","0002",MEMPAWAH,SUNGAI PINYUH,RT 002 RW 01 DUSUN TIMUR,,"010","61",,,SUNGAI BATANG,KALIMANTAN BARAT,,,,,,2024_1,,"6104090010000200","00",,
,"617078","0",,0.237989108833937,,"61041200020011","04","120","0011",MEMPAWAH,TOHO,RT 008 RW 03 DUSUN TUNAS JAYA,,"002","61",,,SAMBORA,KALIMANTAN BARAT,,,,,,2024_1,,"6104120002001100","00",,
,"617077","0",,2.4128699553798,,"61041200060003","04","120","0003",MEMPAWAH,TOHO,RT 003 RW 01 DUSUN ONA,,"006","61",,,PAK LAHENG,KALIMANTAN BARAT,,,,,,2024_1,,"6104120006000300","00",,
,"617076","0",,1.13696170711529,,"61041200060002","04","120","0002",MEMPAWAH,TOHO,RT 002 RW 01 DUSUN ONA,,"006","61",,,PAK LAHENG,KALIMANTAN BARAT,,,,,,2024_1,,"6104120006000200","00",,
,"617075","0",,0.556632186673092,,"61041200060007","04","120","0007",MEMPAWAH,TOHO,RT 009 RW 02 DUSUN LAHENG,,"006","61",,,PAK LAHENG,KALIMANTAN BARAT,,,,,,2024_1,,"6104120006000700","00",,
,"617101","0",,2.89507242241337,,"61040800040037","04","080","0037",MEMPAWAH,JONGKAT,RT 001 RW 08 DUSUN MAMBO,,"004","61",,,WAJOK HULU,KALIMANTAN BARAT,,,,,,2024_1,,"6104080004003700","00",,
,"617074","0",,0.112058278529617,,"61041010030004","04","101","0004",MEMPAWAH,MEMPAWAH TIMUR,RT 004 RW 02 DUSUN PASIR MANDAR,,"003","61",,,PASIR PANJANG,KALIMANTAN BARAT,,,,,,2024_1,,"6104101003000400","00",,
,"617073","0",,0.803854252596274,,"61040900120010","04","090","0010",MEMPAWAH,SUNGAI PINYUH,RT 010 RW 05 DUSUN SIMPANG EMPAT,,"012","61",,,SUNGAI BAKAU BESAR DARAT,KALIMANTAN BARAT,,,,,,2024_1,,"6104090012001000","00",,
,"617072","0",,0.258199102744625,,"61040900040016","04","090","0016",MEMPAWAH,SUNGAI PINYUH,RT 003 RW 07 DUSUN 04,,"004","61",,,NUSAPATI,KALIMANTAN BARAT,,,,,,2024_1,,"6104090004001600","00",,
,"617071","0",,0.994211530329314,,"61040910050010","04","091","0010",MEMPAWAH,ANJONGAN,RT 007 RW 03 DUSUN PINYUH KERSIK,,"005","61",,,DEMA,KALIMANTAN BARAT,,,,,,2024_1,,"6104091005001000","00",,
,"617070","0",,0.192353486319588,,"61041000150024","04","100","0024",MEMPAWAH,MEMPAWAH HILIR,RT 24 RW 09 DUSUN PASIR,,"015","61",,,MALIKIAN,KALIMANTAN BARAT,,,,,,2024_1,,"6104100015002400","00",,
,"617069","0",,0.006475296940294,,"61041100060005","04","110","0005",MEMPAWAH,SUNGAI KUNYIT,RT 009 RW 04 DUSUN SABAR,,"006","61",,,SUNGAI KUNYIT LAUT,KALIMANTAN BARAT,,,,,,2024_1,,"6104110006000500","00",,
,"617068","0",,0.037547614056239,,"61040800020038","04","080","0038",MEMPAWAH,JONGKAT,RT 001 RW 008 DUSUN ALIANYANG,,"002","61",,,JUNGKAT,KALIMANTAN BARAT,,,,,,2024_1,,"6104080002003800","00",,
,"617067","0",,0.237853263082113,,"61040800020057","04","080","0057",MEMPAWAH,JONGKAT,RT 003 RW 01 DUSUN RAHADI USMAN,,"002","61",,,JUNGKAT,KALIMANTAN BARAT,,,,,,2024_1,,"6104080002005700","00",,
,"617066","0",,0.298747538717644,,"61040800010023","04","080","0023",MEMPAWAH,JONGKAT,RT 023 RW 03 DUSUN MELATI,,"001","61",,,SUNGAI NIPAH,KALIMANTAN BARAT,,,,,,2024_1,,"6104080001002300","00",,
,"617064","0",,1.09926128147678,,"61041100040001","04","110","0001",MEMPAWAH,SUNGAI KUNYIT,RT 001 RW 01 DUSUN BERINGIN,,"004","61",,,SUNGAI DUNGUN,KALIMANTAN BARAT,,,,,,2024_1,,"6104110004000100","00",,
,"617063","0",,0.120238570231078,,"61040800020037","04","080","0037",MEMPAWAH,JONGKAT,RT 005 RW 007 DUSUN PANGSUMA,,"002","61",,,JUNGKAT,KALIMANTAN BARAT,,,,,,2024_1,,"6104080002003700","00",,
,"617062","0",,0.126006453227548,,"61041000070006","04","100","0006",MEMPAWAH,MEMPAWAH HILIR,RT 006 RW 03,,"007","61",,,TENGAH,KALIMANTAN BARAT,,,,,,2024_1,,"6104100007000600","00",,
,"617061","0",,0.028916650856374,,"61040800020014","04","080","0014",MEMPAWAH,JONGKAT,RT 003 RW 006 DUSUN PANGERAN ADIPATI,,"002","61",,,JUNGKAT,KALIMANTAN BARAT,,,,,,2024_1,,"6104080002001400","00",,
,"617060","0",,1.34817542693659,,"61040810060028","04","081","0028",MEMPAWAH,SEGEDONG,RT 025 RW 006 DUSUN TUNAS BARU,,"006","61",,,PENITI DALAM II,KALIMANTAN BARAT,,,,,,2024_1,,"6104081006002800","00",,
,"617059","0",,0.527593186253508,,"61041010020018","04","101","0018",MEMPAWAH,MEMPAWAH TIMUR,RT 014 RW 04 DUSUN KEDAONG,,"002","61",,,SUNGAI BAKAU KECIL,KALIMANTAN BARAT,,,,,,2024_1,,"6104101002001800","00",,
,"617058","0",,0.020581306720328,,"61040910020011","04","091","0011",MEMPAWAH,ANJONGAN,RT 003 RW 02,,"002","61",,,ANJUNGAN MELANCAR,KALIMANTAN BARAT,,,,,,2024_1,,"6104091002001100","00",,
,"617057","0",,0.607045377274622,,"61040810030015","04","081","0015",MEMPAWAH,SEGEDONG,RT 015 RW 06 DUSUN MAKMUR,,"003","61",,,SUNGAI PURUN BESAR,KALIMANTAN BARAT,,,,,,2024_1,,"6104081003001500","00",,
,"617056","0",,0.159280179160056,,"61041100010011","04","110","0011",MEMPAWAH,SUNGAI KUNYIT,RT 011 RW 06 DUSUN SEJAHTERA,,"001","61",,,SEMUDUN,KALIMANTAN BARAT,,,,,,2024_1,,"6104110001001100","00",,
,"617055","0",,0.385893285465332,,"61041000080008","04","100","0008",MEMPAWAH,MEMPAWAH HILIR,RT 025 RW 03,,"008","61",,,TERUSAN,KALIMANTAN BARAT,,,,,,2024_1,,"6104100008000800","00",,
,"617054","0",,0.760828839449094,,"61040800030024","04","080","0024",MEMPAWAH,JONGKAT,RT 001 RW 07 DUSUN KELAPA,,"003","61",,,WAJOK HILIR,KALIMANTAN BARAT,,,,,,2024_1,,"6104080003002400","00",,
,"617053","0",,0.220211744458182,,"61040800020050","04","080","0050",MEMPAWAH,JONGKAT,RT 003 RW 010 DUSUN RADEN TAUFIK,,"002","61",,,JUNGKAT,KALIMANTAN BARAT,,,,,,2024_1,,"6104080002005000","00",,
,"617052","0",,0.306986031127802,,"61041100060007","04","110","0007",MEMPAWAH,SUNGAI KUNYIT,RT 004 RW 02 DUSUN TENANG,,"006","61",,,SUNGAI KUNYIT LAUT,KALIMANTAN BARAT,,,,,,2024_1,,"6104110006000700","00",,
,"617051","0",,0.02322869630177,,"61040800040020","04","080","0020",MEMPAWAH,JONGKAT,RT 005 RW 06 DUSUN KUNYIT,,"004","61",,,WAJOK HULU,KALIMANTAN BARAT,,,,,,2024_1,,"6104080004002000","00",,
,"617050","0",,0.218103543943299,,"61040800040051","04","080","0051",MEMPAWAH,JONGKAT,RT 008 RW 06 DUSUN PANDAN,,"004","61",,,WAJOK HULU,KALIMANTAN BARAT,,,,,,2024_1,,"6104080004005100","00",,
,"617049","0",,0.21774671234207,,"61041010070005","04","101","0005",MEMPAWAH,MEMPAWAH TIMUR,RT 018 RW 02 DUSUN GALAHERANG,,"007","61",,,SEJEGI,KALIMANTAN BARAT,,,,,,2024_1,,"6104101007000500","00",,
,"617048","0",,0.915403573487548,,"61040900080001","04","090","0001",MEMPAWAH,SUNGAI PINYUH,RT 001 RW 01 DUSUN TIMUR,,"008","61",,,SUNGAI RASAU,KALIMANTAN BARAT,,,,,,2024_1,,"6104090008000100","00",,
,"617047","0",,0.051310513488767,,"61041100100001","04","110","0001",MEMPAWAH,SUNGAI KUNYIT,RT 001 RW 01 DUSUN MAYASARI,,"010","61",,,SUNGAI BUNDUNG LAUT,KALIMANTAN BARAT,,,,,,2024_1,,"6104110010000100","00",,
,"617046","0",,0.261908423301388,,"61040810050005","04","081","0005",MEMPAWAH,SEGEDONG,RT 005 RW 002 DUSUN SUKA DAMAI,,"005","61",,,PENITI BESAR,KALIMANTAN BARAT,,,,,,2024_1,,"6104081005000500","00",,
,"617045","0",,0.528221564903228,,"61040810050029","04","081","0029",MEMPAWAH,SEGEDONG,RT 002 RW 011 DUSUN KARYA UTAMA,,"005","61",,,PENITI BESAR,KALIMANTAN BARAT,,,,,,2024_1,,"6104081005002900","00",,
,"617044","0",,0.22366045312803,,"61041100110005","04","110","0005",MEMPAWAH,SUNGAI KUNYIT,RT 004 RW 02 DUSUN SUBUR,,"011","61",,,SUNGAI DURI I,KALIMANTAN BARAT,,,,,,2024_1,,"6104110011000500","00",,
,"617043","0",,0.89220040481134,,"61041100020005","04","110","0005",MEMPAWAH,SUNGAI KUNYIT,RT 004 RW 02 DUSUN HIDAYAH,,"002","61",,,SEMPARONG PARIT RADEN,KALIMANTAN BARAT,,,,,,2024_1,,"6104110002000500","00",,
,"617042","0",,1.06304252178871,,"61040800030029","04","080","0029",MEMPAWAH,JONGKAT,RT 002 RW 03 DUSUN COKLAT,,"003","61",,,WAJOK HILIR,KALIMANTAN BARAT,,,,,,2024_1,,"6104080003002900","00",,
,"617041","0",,0.60669691663524,,"61040810050026","04","081","0026",MEMPAWAH,SEGEDONG,RT 003 RW 010 DUSUN TANI MAKMUR,,"005","61",,,PENITI BESAR,KALIMANTAN BARAT,,,,,,2024_1,,"6104081005002600","00",,
,"617040","0",,0.252009819548854,,"61041010060004","04","101","0004",MEMPAWAH,MEMPAWAH TIMUR,RT 004 RW 02 DUSUN PENDIDIKAN,,"006","61",,,ANTIBAR,KALIMANTAN BARAT,,,,,,2024_1,,"6104101006000400","00",,
,"617039","0",,0.13962002726356,,"61040910020015","04","091","0015",MEMPAWAH,ANJONGAN,RT 007 RW 03,,"002","61",,,ANJUNGAN MELANCAR,KALIMANTAN BARAT,,,,,,2024_1,,"6104091002001500","00",,
,"617038","0",,0.122512136859565,,"61041100010015","04","110","0015",MEMPAWAH,SUNGAI KUNYIT,RT 015 RW 08 DUSUN LESTARI,,"001","61",,,SEMUDUN,KALIMANTAN BARAT,,,,,,2024_1,,"6104110001001500","00",,
,"617037","0",,0.141773640578679,,"61041000080037","04","100","0037",MEMPAWAH,MEMPAWAH HILIR,RT 032 RW 16,,"008","61",,,TERUSAN,KALIMANTAN BARAT,,,,,,2024_1,,"6104100008003700","00",,
,"617036","0",,1.58432411816366,,"61040900030020","04","090","0020",MEMPAWAH,SUNGAI PINYUH,RT 020 RW 010 DUSUN DANAU,,"003","61",,,PENIRAMAN,KALIMANTAN BARAT,,,,,,2024_1,,"6104090003002000","00",,
,"617035","0",,0.352171172421881,,"61041000150018","04","100","0018",MEMPAWAH,MEMPAWAH HILIR,RT 18 RW 07 DUSUN FAJAR,,"015","61",,,MALIKIAN,KALIMANTAN BARAT,,,,,,2024_1,,"6104100015001800","00",,
,"617034","0",,0.132064178328791,,"61041000130006","04","100","0006",MEMPAWAH,MEMPAWAH HILIR,RT 06 RW 03 DUSUN DEWA SUHAR MANIK,,"013","61",,,PENIBUNG,KALIMANTAN BARAT,,,,,,2024_1,,"6104100013000600","00",,
,"617033","0",,0.782855431781556,,"61041100120002","04","110","0002",MEMPAWAH,SUNGAI KUNYIT,RT 002 RW 01 DUSUN KARYA,,"012","61",,,SUNGAI DURI II,KALIMANTAN BARAT,,,,,,2024_1,,"6104110012000200","00",,
,"617032","0",,0.047354412777522,,"61040900090053","04","090","0053",MEMPAWAH,SUNGAI PINYUH,RT 011 RW 006,,"009","61",,,SUNGAI PINYUH,KALIMANTAN BARAT,,,,,,2024_1,,"6104090009005300","00",,
,"617031","0",,0.024402001068124,,"61040800010006","04","080","0006",MEMPAWAH,JONGKAT,RT 021 RW 01 DUSUN MAWAR,,"001","61",,,SUNGAI NIPAH,KALIMANTAN BARAT,,,,,,2024_1,,"6104080001000600","00",,
,"617065","0",,0.121361252370993,,"61040800010017","04","080","0017",MEMPAWAH,JONGKAT,RT 022 RW 03 DUSUN MELATI,,"001","61",,,SUNGAI NIPAH,KALIMANTAN BARAT,,,,,,2024_1,,"6104080001001700","00",,
,"617030","0",,0.233786934609042,,"61041000140004","04","100","0004",MEMPAWAH,MEMPAWAH HILIR,RT 004 RW 002 DUSUN SUKA DAMAI,,"014","61",,,SENGKUBANG,KALIMANTAN BARAT,,,,,,2024_1,,"6104100014000400","00",,
,"617029","0",,0.319867990141215,,"61041010060020","04","101","0020",MEMPAWAH,MEMPAWAH TIMUR,RT 020 RW 06 DUSUN MOTON JAYA,,"006","61",,,ANTIBAR,KALIMANTAN BARAT,,,,,,2024_1,,"6104101006002000","00",,
,"617028","0",,1.34308970894543,,"61041000120033","04","100","0033",MEMPAWAH,MEMPAWAH HILIR,RT 027 RW 10 DUSUN PARIT SERIBU,,"012","61",,,PASIR,KALIMANTAN BARAT,,,,,,2024_1,,"6104100012003300","00",,
,"617027","0",,0.015403772773734,,"61041100050007","04","110","0007",MEMPAWAH,SUNGAI KUNYIT,RT 006 RW 03 DUSUN NELAYAN,,"005","61",,,SUNGAI LIMAU,KALIMANTAN BARAT,,,,,,2024_1,,"6104110005000700","00",,
,"617026","0",,0.203772906293511,,"61041010020017","04","101","0017",MEMPAWAH,MEMPAWAH TIMUR,RT 013 RW 04 DUSUN KEDAONG,,"002","61",,,SUNGAI BAKAU KECIL,KALIMANTAN BARAT,,,,,,2024_1,,"6104101002001700","00",,
,"617025","0",,0.15527544481835,,"61041000080040","04","100","0040",MEMPAWAH,MEMPAWAH HILIR,RT 039 RW 17,,"008","61",,,TERUSAN,KALIMANTAN BARAT,,,,,,2024_1,,"6104100008004000","00",,
,"617024","0",,0.923489376502352,,"61041010070011","04","101","0011",MEMPAWAH,MEMPAWAH TIMUR,RT 007 RW 04 DUSUN BEMBAN,,"007","61",,,SEJEGI,KALIMANTAN BARAT,,,,,,2024_1,,"6104101007001100","00",,
,"617023","0",,0.404531238689541,,"61041010070012","04","101","0012",MEMPAWAH,MEMPAWAH TIMUR,RT 008 RW 04 DUSUN BEMBAN,,"007","61",,,SEJEGI,KALIMANTAN BARAT,,,,,,2024_1,,"6104101007001200","00",,
,"617022","0",,1.22605610521801,,"61041000120016","04","100","0016",MEMPAWAH,MEMPAWAH HILIR,RT 013 RW 05 DUSUN SUAP,,"012","61",,,PASIR,KALIMANTAN BARAT,,,,,,2024_1,,"6104100012001600","00",,
,"617021","0",,0.060471409447261,,"61040800040040","04","080","0040",MEMPAWAH,JONGKAT,RT 001 RW 05 DUSUN PANDAN,,"004","61",,,WAJOK HULU,KALIMANTAN BARAT,,,,,,2024_1,,"6104080004004000","00",,
,"617020","0",,0.012874694572159,,"61040800040011","04","080","0011",MEMPAWAH,JONGKAT,RT 004 RW 09 DUSUN DURIAN,,"004","61",,,WAJOK HULU,KALIMANTAN BARAT,,,,,,2024_1,,"6104080004001100","00",,
,"617019","0",,0.188152912469941,,"61040900090056","04","090","0056",MEMPAWAH,SUNGAI PINYUH,RT 014 RW 006,,"009","61",,,SUNGAI PINYUH,KALIMANTAN BARAT,,,,,,2024_1,,"6104090009005600","00",,
,"617018","0",,0.02423702609904,,"61040900090046","04","090","0046",MEMPAWAH,SUNGAI PINYUH,RT 004 RW 006,,"009","61",,,SUNGAI PINYUH,KALIMANTAN BARAT,,,,,,2024_1,,"6104090009004600","00",,
,"617017","0",,0.257834025210239,,"61040800040030","04","080","0030",MEMPAWAH,JONGKAT,RT 001 RW 02 DUSUN LAPAN,,"004","61",,,WAJOK HULU,KALIMANTAN BARAT,,,,,,2024_1,,"6104080004003000","00",,
,"617016","0",,0.390200136708706,,"61041100020001","04","110","0001",MEMPAWAH,SUNGAI KUNYIT,RT 001 RW 01 DUSUN TAUFIK,,"002","61",,,SEMPARONG PARIT RADEN,KALIMANTAN BARAT,,,,,,2024_1,,"6104110002000100","00",,
,"617015","0",,0.606044070274121,,"61041010020030","04","101","0030",MEMPAWAH,MEMPAWAH TIMUR,RT 025 RW 07 DUSUN BENTENG TIMUR,,"002","61",,,SUNGAI BAKAU KECIL,KALIMANTAN BARAT,,,,,,2024_1,,"6104101002003000","00",,
,"617014","0",,0.015374111186629,,"61040800040019","04","080","0019",MEMPAWAH,JONGKAT,RT 004 RW 06 DUSUN KUNYIT,,"004","61",,,WAJOK HULU,KALIMANTAN BARAT,,,,,,2024_1,,"6104080004001900","00",,
,"617013","0",,0.194160383438119,,"61040810040004","04","081","0004",MEMPAWAH,SEGEDONG,RT 004 RW 002 DUSUN KERANJI,,"004","61",,,PARIT BUGIS,KALIMANTAN BARAT,,,,,,2024_1,,"6104081004000400","00",,
,"617012","0",,2.41421060908758,,"61040810010003","04","081","0003",MEMPAWAH,SEGEDONG,RT 003 RW 001 DUSUN SY. ABU BAKAR,,"001","61",,,PENITI DALAM I,KALIMANTAN BARAT,,,,,,2024_1,,"6104081001000300","00",,
,"617011","0",,2.38865105494257,,"61041200040012","04","120","0012",MEMPAWAH,TOHO,RT 011 RW 04 DUSUN 004,,"004","61",,,PAK UTAN,KALIMANTAN BARAT,,,,,,2024_1,,"6104120004001200","00",,
,"617010","0",,1.76010739240325,,"61040900030019","04","090","0019",MEMPAWAH,SUNGAI PINYUH,RT 019 RW 09 DUSUN DANAU,,"003","61",,,PENIRAMAN,KALIMANTAN BARAT,,,,,,2024_1,,"6104090003001900","00",,
,"617009","0",,0.318958486447456,,"61040900080008","04","090","0008",MEMPAWAH,SUNGAI PINYUH,RT 008 RW 04 DUSUN BARAT,,"008","61",,,SUNGAI RASAU,KALIMANTAN BARAT,,,,,,2024_1,,"6104090008000800","00",,
,"617008","0",,8.60575177188372,,"61041010060032","04","101","0032",MEMPAWAH,MEMPAWAH TIMUR,RT 032 RW 09 DUSUN BUKIT ASAM,,"006","61",,,ANTIBAR,KALIMANTAN BARAT,,,,,,2024_1,,"6104101006003200","00",,
,"617007","0",,1.23167769988947,,"61041000120015","04","100","0015",MEMPAWAH,MEMPAWAH HILIR,RT 012 RW 04 DUSUN PASIR TENGAH,,"012","61",,,PASIR,KALIMANTAN BARAT,,,,,,2024_1,,"6104100012001500","00",,
,"617006","0",,0.094762352433945,,"61041000080020","04","100","0020",MEMPAWAH,MEMPAWAH HILIR,RT 015 RW 08,,"008","61",,,TERUSAN,KALIMANTAN BARAT,,,,,,2024_1,,"6104100008002000","00",,
,"617005","0",,0.018122051832618,,"61040800040022","04","080","0022",MEMPAWAH,JONGKAT,RT 007 RW 06 DUSUN KUNYIT,,"004","61",,,WAJOK HULU,KALIMANTAN BARAT,,,,,,2024_1,,"6104080004002200","00",,
,"617004","0",,0.152282813707606,,"61041100100002","04","110","0002",MEMPAWAH,SUNGAI KUNYIT,RT 002 RW 01 DUSUN MAYASARI,,"010","61",,,SUNGAI BUNDUNG LAUT,KALIMANTAN BARAT,,,,,,2024_1,,"6104110010000200","00",,
,"617002","0",,0.05668797897502,,"61040800040023","04","080","0023",MEMPAWAH,JONGKAT,RT 009 RW 06 DUSUN KUNYIT,,"004","61",,,WAJOK HULU,KALIMANTAN BARAT,,,,,,2024_1,,"6104080004002300","00",,
,"617001","0",,0.814397649354658,,"61041010010013","04","101","0013",MEMPAWAH,MEMPAWAH TIMUR,RT 013 RW 06,,"001","61",,,PASIR WAN SALIM,KALIMANTAN BARAT,,,,,,2024_1,,"6104101001001300","00",,
,"617000","0",,0.45429407383736,,"61040800020003","04","080","0003",MEMPAWAH,JONGKAT,RT 003 RW 016 DUSUN DAENG MANAMBON,,"002","61",,,JUNGKAT,KALIMANTAN BARAT,,,,,,2024_1,,"6104080002000300","00",,
,"616999","0",,0.022626406382286,,"61041000080022","04","100","0022",MEMPAWAH,MEMPAWAH HILIR,RT 013 RW 09,,"008","61",,,TERUSAN,KALIMANTAN BARAT,,,,,,2024_1,,"6104100008002200","00",,
,"616998","0",,1.04856175220209,,"61041200030005","04","120","0005",MEMPAWAH,TOHO,RT 005 RW 02 DUSUN BENUAN JAYA,,"003","61",,,BENUANG,KALIMANTAN BARAT,,,,,,2024_1,,"6104120003000500","00",,
,"616997","0",,0.849585388856155,,"61040810050013","04","081","0013",MEMPAWAH,SEGEDONG,RT 004 RW 004 DUSUN KARYA BAKTI,,"005","61",,,PENITI BESAR,KALIMANTAN BARAT,,,,,,2024_1,,"6104081005001300","00",,
,"616996","0",,1.55223838183808,,"61040810050014","04","081","0014",MEMPAWAH,SEGEDONG,RT 005 RW 004 DUSUN KARYA BAKTI,,"005","61",,,PENITI BESAR,KALIMANTAN BARAT,,,,,,2024_1,,"6104081005001400","00",,
,"616995","0",,0.361458485856987,,"61041010020001","04","101","0001",MEMPAWAH,MEMPAWAH TIMUR,RT 020 RW 01 DUSUN SENGGIRING,,"002","61",,,SUNGAI BAKAU KECIL,KALIMANTAN BARAT,,,,,,2024_1,,"6104101002000100","00",,
,"616994","0",,0.037255101094796,,"61040900090008","04","090","0008",MEMPAWAH,SUNGAI PINYUH,RT 002 RW 002,,"009","61",,,SUNGAI PINYUH,KALIMANTAN BARAT,,,,,,2024_1,,"6104090009000800","00",,
,"616993","0",,0.726079070226684,,"61040910021004","04","091","1004",MEMPAWAH,ANJONGAN,KEBUN SAWIT,,"002","61",,,ANJUNGAN MELANCAR,KALIMANTAN BARAT,,,,,,2024_1,,"6104091002100400","00",,
,"616992","0",,0.722658589565105,,"61040810050012","04","081","0012",MEMPAWAH,SEGEDONG,RT 003 RW 004 DUSUN KARYA BAKTI,,"005","61",,,PENITI BESAR,KALIMANTAN BARAT,,,,,,2024_1,,"6104081005001200","00",,
,"616991","0",,0.672161282619434,,"61040800030020","04","080","0020",MEMPAWAH,JONGKAT,RT 003 RW 05 DUSUN KOPI,,"003","61",,,WAJOK HILIR,KALIMANTAN BARAT,,,,,,2024_1,,"6104080003002000","00",,
,"616990","0",,0.025441435863217,,"61041100110007","04","110","0007",MEMPAWAH,SUNGAI KUNYIT,RT 006 RW 02 DUSUN SUBUR,,"011","61",,,SUNGAI DURI I,KALIMANTAN BARAT,,,,,,2024_1,,"6104110011000700","00",,
,"616989","0",,0.163216685112494,,"61041100120005","04","110","0005",MEMPAWAH,SUNGAI KUNYIT,RT 005 RW 01 DUSUN KARYA,,"012","61",,,SUNGAI DURI II,KALIMANTAN BARAT,,,,,,2024_1,,"6104110012000500","00",,
,"616988","0",,1.07990225758113,,"61041000010003","04","100","0003",MEMPAWAH,MEMPAWAH HILIR,RT 03 RW 02,,"001","61",,,TANJUNG,KALIMANTAN BARAT,,,,,,2024_1,,"6104100001000300","00",,
,"616987","0",,0.06494759228583,,"61041010010008","04","101","0008",MEMPAWAH,MEMPAWAH TIMUR,RT 008 RW 04,,"001","61",,,PASIR WAN SALIM,KALIMANTAN BARAT,,,,,,2024_1,,"6104101001000800","00",,
,"616986","0",,0.210722580023845,,"61041010020035","04","101","0035",MEMPAWAH,MEMPAWAH TIMUR,RT 029 RW 08 DUSUN KONSASI,,"002","61",,,SUNGAI BAKAU KECIL,KALIMANTAN BARAT,,,,,,2024_1,,"6104101002003500","00",,
,"616985","0",,0.099068809183033,,"61041000130005","04","100","0005",MEMPAWAH,MEMPAWAH HILIR,RT 05 RW 02 DUSUN RENJUANG,,"013","61",,,PENIBUNG,KALIMANTAN BARAT,,,,,,2024_1,,"6104100013000500","00",,
,"616984","0",,0.49863603079581,,"61041100070004","04","110","0004",MEMPAWAH,SUNGAI KUNYIT,RT 004 RW 02 DUSUN MAWAR,,"007","61",,,SUNGAI KUNYIT DALAM,KALIMANTAN BARAT,,,,,,2024_1,,"6104110007000400","00",,
,"616983","0",,0.069291208921928,,"61041100110006","04","110","0006",MEMPAWAH,SUNGAI KUNYIT,RT 005 RW 02 DUSUN SUBUR,,"011","61",,,SUNGAI DURI I,KALIMANTAN BARAT,,,,,,2024_1,,"6104110011000600","00",,
,"616982","0",,0.052051083326671,,"61041100110008","04","110","0008",MEMPAWAH,SUNGAI KUNYIT,RT 011 RW 02 DUSUN SUBUR,,"011","61",,,SUNGAI DURI I,KALIMANTAN BARAT,,,,,,2024_1,,"6104110011000800","00",,
,"616981","0",,3.32443380706882,,"61040800030033","04","080","0033",MEMPAWAH,JONGKAT,RT 003 RW 04 DUSUN COKLAT,,"003","61",,,WAJOK HILIR,KALIMANTAN BARAT,,,,,,2024_1,,"6104080003003300","00",,
,"616980","0",,0.172264759515784,,"61040800040066","04","080","0066",MEMPAWAH,JONGKAT,RT 002 RW 04 DUSUN BRAHIMA,,"004","61",,,WAJOK HULU,KALIMANTAN BARAT,,,,,,2024_1,,"6104080004006600","00",,
,"616979","0",,1.19338496458823,,"61040800040039","04","080","0039",MEMPAWAH,JONGKAT,RT 003 RW 08 DUSUN MAMBO,,"004","61",,,WAJOK HULU,KALIMANTAN BARAT,,,,,,2024_1,,"6104080004003900","00",,
,"616978","0",,0.920427859750132,,"61041010080017","04","101","0017",MEMPAWAH,MEMPAWAH TIMUR,RT 017 RW 08 DUSUN PARIT BANJAR DARAT,,"008","61",,,PARIT BANJAR,KALIMANTAN BARAT,,,,,,2024_1,,"6104101008001700","00",,
,"616977","0",,0.34223991389504,,"61040910050001","04","091","0001",MEMPAWAH,ANJONGAN,RT 001 RW 01 DUSUN BAGURUH,,"005","61",,,DEMA,KALIMANTAN BARAT,,,,,,2024_1,,"6104091005000100","00",,
,"616976","0",,2.28393615676667,,"61041200070010","04","120","0010",MEMPAWAH,TOHO,RT 010 RW 03 DUSUN BALA,,"007","61",,,TERAP,KALIMANTAN BARAT,,,,,,2024_1,,"6104120007001000","00",,
,"616975","0",,1.53500468570245,,"61040810060009","04","081","0009",MEMPAWAH,SEGEDONG,RT 006 RW 002 DUSUN KARYA UTAMA,,"006","61",,,PENITI DALAM II,KALIMANTAN BARAT,,,,,,2024_1,,"6104081006000900","00",,
,"616974","0",,0.601109694509831,,"61041200020014","04","120","0014",MEMPAWAH,TOHO,RT 011 RW 04 DUSUN TUNAS JAYA,,"002","61",,,SAMBORA,KALIMANTAN BARAT,,,,,,2024_1,,"6104120002001400","00",,
,"616950","0",,0.01610670089621,,"61040800040048","04","080","0048",MEMPAWAH,JONGKAT,RT 009 RW 05 DUSUN PANDAN,,"004","61",,,WAJOK HULU,KALIMANTAN BARAT,,,,,,2024_1,,"6104080004004800","00",,
,"616949","0",,0.090988258252017,,"61040800020008","04","080","0008",MEMPAWAH,JONGKAT,RT 003 RW 002 DUSUN URAI BAWADI,,"002","61",,,JUNGKAT,KALIMANTAN BARAT,,,,,,2024_1,,"6104080002000800","00",,
,"616948","0",,0.082174692960582,,"61040800020039","04","080","0039",MEMPAWAH,JONGKAT,RT 002 RW 008 DUSUN ALIANYANG,,"002","61",,,JUNGKAT,KALIMANTAN BARAT,,,,,,2024_1,,"6104080002003900","00",,
,"616947","0",,0.291439084950232,,"61040800020042","04","080","0042",MEMPAWAH,JONGKAT,RT 002 RW 009 DUSUN ALIANYANG,,"002","61",,,JUNGKAT,KALIMANTAN BARAT,,,,,,2024_1,,"6104080002004200","00",,
,"616946","0",,1.04874718800797,,"61040800020053","04","080","0053",MEMPAWAH,JONGKAT,RT 001 RW 011 DUSUN RADEN TAUFIK,,"002","61",,,JUNGKAT,KALIMANTAN BARAT,,,,,,2024_1,,"6104080002005300","00",,
,"617212","0",,0.449727081625974,,"61040800020001","04","080","0001",MEMPAWAH,JONGKAT,RT 001 RW 016 DUSUN DAENG MANAMBON,,"002","61",,,JUNGKAT,KALIMANTAN BARAT,,,,,,2024_1,,"6104080002000100","00",,
,"617211","0",,0.601939647973732,,"61040800010011","04","080","0011",MEMPAWAH,JONGKAT,RT 009 RW 02 DUSUN MAWAR,,"001","61",,,SUNGAI NIPAH,KALIMANTAN BARAT,,,,,,2024_1,,"6104080001001100","00",,
,"617210","0",,0.063997849113307,,"61040900090025","04","090","0025",MEMPAWAH,SUNGAI PINYUH,RT 008 RW 003,,"009","61",,,SUNGAI PINYUH,KALIMANTAN BARAT,,,,,,2024_1,,"6104090009002500","00",,
,"617209","0",,0.448934595764509,,"61041010060011","04","101","0011",MEMPAWAH,MEMPAWAH TIMUR,RT 011 RW 03 DUSUN HARAPAN,,"006","61",,,ANTIBAR,KALIMANTAN BARAT,,,,,,2024_1,,"6104101006001100","00",,
,"617208","0",,0.817757622666082,,"61040900080006","04","090","0006",MEMPAWAH,SUNGAI PINYUH,RT 006 RW 03 DUSUN BARAT,,"008","61",,,SUNGAI RASAU,KALIMANTAN BARAT,,,,,,2024_1,,"6104090008000600","00",,
,"617207","0",,1.1956798649849,,"61040810050032","04","081","0032",MEMPAWAH,SEGEDONG,RT 001 RW 013 DUSUN SABAR MENANTI,,"005","61",,,PENITI BESAR,KALIMANTAN BARAT,,,,,,2024_1,,"6104081005003200","00",,
,"617206","0",,0.042534376009147,,"61040810031002","04","081","1002",MEMPAWAH,JONGKAT,KEBUN KELAPA,,"003","61",,,SUNGAI PURUN BESAR,KALIMANTAN BARAT,,,,,,2024_1,,"6104081003100200","00",,
,"617205","0",,2.57404937790718,,"61040810060010","04","081","0010",MEMPAWAH,SEGEDONG,RT 007 RW 002 DUSUN KARYA UTAMA,,"006","61",,,PENITI DALAM II,KALIMANTAN BARAT,,,,,,2024_1,,"6104081006001000","00",,
,"617204","0",,0.039515140819911,,"61041010050002","04","101","0002",MEMPAWAH,MEMPAWAH TIMUR,RT 002 RW 01,,"005","61",,,PULAU PEDALAMAN,KALIMANTAN BARAT,,,,,,2024_1,,"6104101005000200","00",,
,"617203","0",,0.020481596560486,,"61041010060027","04","101","0027",MEMPAWAH,MEMPAWAH TIMUR,RT 027 RW 08 DUSUN TARUNA OPU,,"006","61",,,ANTIBAR,KALIMANTAN BARAT,,,,,,2024_1,,"6104101006002700","00",,
,"617202","0",,0.663436258903139,,"61040900080004","04","090","0004",MEMPAWAH,SUNGAI PINYUH,RT 004 RW 02 DUSUN TIMUR,,"008","61",,,SUNGAI RASAU,KALIMANTAN BARAT,,,,,,2024_1,,"6104090008000400","00",,
,"617201","0",,0.044466798070064,,"61040800020017","04","080","0017",MEMPAWAH,JONGKAT,RT 003 RW 012 DUSUN PANGERAN ADIPATI,,"002","61",,,JUNGKAT,KALIMANTAN BARAT,,,,,,2024_1,,"6104080002001700","00",,
,"617200","0",,0.573878354766408,,"61041010030009","04","101","0009",MEMPAWAH,MEMPAWAH TIMUR,RT 009 RW 05 DUSUN TERAJU MAS,,"003","61",,,PASIR PANJANG,KALIMANTAN BARAT,,,,,,2024_1,,"6104101003000900","00",,
,"617199","0",,2.43918178708086,,"61041210030005","04","121","0005",MEMPAWAH,SADANIANG,RT 005 RW 02 DUSUN SATAK,,"003","61",,,BUMBUN,KALIMANTAN BARAT,,,,,,2024_1,,"6104121003000500","00",,
,"617198","0",,26.2711407313434,,"61041210042001","04","121","2001",MEMPAWAH,SADANIANG,HUTAN,,"004","61",,,AMAWANG,KALIMANTAN BARAT,,,,,,2024_1,,"6104121004200100","00",,
,"617197","0",,12.6209485850517,,"61040910030003","04","091","0003",MEMPAWAH,ANJONGAN,RT 003 RW 01 DUSUN TERDU,,"003","61",,,ANJUNGAN DALAM,KALIMANTAN BARAT,,,,,,2024_1,,"6104091003000300","00",,
,"617196","0",,0.467486814644201,,"61040900050014","04","090","0014",MEMPAWAH,SUNGAI PINYUH,RT 014 RW 03 DUSUN TENGAH,,"005","61",,,GALANG,KALIMANTAN BARAT,,,,,,2024_1,,"6104090005001400","00",,
,"617195","0",,1.3566734272246,,"61040810030012","04","081","0012",MEMPAWAH,SEGEDONG,RT 012 RW 05 DUSUN MAKMUR,,"003","61",,,SUNGAI PURUN BESAR,KALIMANTAN BARAT,,,,,,2024_1,,"6104081003001200","00",,
,"617194","0",,0.335711493413136,,"61041000120034","04","100","0034",MEMPAWAH,MEMPAWAH HILIR,RT 028 RW 10 DUSUN PARIT SERIBU,,"012","61",,,PASIR,KALIMANTAN BARAT,,,,,,2024_1,,"6104100012003400","00",,
,"617193","0",,0.077173403532721,,"61041200020004","04","120","0004",MEMPAWAH,TOHO,RT 013 RW 01 DUSUN MEKAR JAYA,,"002","61",,,SAMBORA,KALIMANTAN BARAT,,,,,,2024_1,,"6104120002000400","00",,
,"617192","0",,0.83637025505793,,"61041100060013","04","110","0013",MEMPAWAH,SUNGAI KUNYIT,RT 013 RW 06 DUSUN MUFAKAT,,"006","61",,,SUNGAI KUNYIT LAUT,KALIMANTAN BARAT,,,,,,2024_1,,"6104110006001300","00",,
,"617191","0",,0.302917521749964,,"61040900090055","04","090","0055",MEMPAWAH,SUNGAI PINYUH,RT 013 RW 006,,"009","61",,,SUNGAI PINYUH,KALIMANTAN BARAT,,,,,,2024_1,,"6104090009005500","00",,
,"617190","0",,0.255986375331819,,"61040800030012","04","080","0012",MEMPAWAH,JONGKAT,RT 001 RW 11 DUSUN NANAS,,"003","61",,,WAJOK HILIR,KALIMANTAN BARAT,,,,,,2024_1,,"6104080003001200","00",,
,"617189","0",,0.401531767482749,,"61040800040069","04","080","0069",MEMPAWAH,JONGKAT,RT 004 RW 11 DUSUN BRAHIMA,,"004","61",,,WAJOK HULU,KALIMANTAN BARAT,,,,,,2024_1,,"6104080004006900","00",,
,"617188","0",,0.833647758877021,,"61040800040005","04","080","0005",MEMPAWAH,JONGKAT,RT 002 RW 11 DUSUN BRAHIMA,,"004","61",,,WAJOK HULU,KALIMANTAN BARAT,,,,,,2024_1,,"6104080004000500","00",,
,"617187","0",,1.17128245148989,,"61041010080006","04","101","0006",MEMPAWAH,MEMPAWAH TIMUR,RT 006 RW 03 DUSUN PARIT BANJAR LAUT,,"008","61",,,PARIT BANJAR,KALIMANTAN BARAT,,,,,,2024_1,,"6104101008000600","00",,
,"617186","0",,1.21595806788122,,"61040900100009","04","090","0009",MEMPAWAH,SUNGAI PINYUH,RT 005 RW 02 DUSUN BARAT,,"010","61",,,SUNGAI BATANG,KALIMANTAN BARAT,,,,,,2024_1,,"6104090010000900","00",,
,"617185","0",,0.700793837910103,,"61040800040059","04","080","0059",MEMPAWAH,JONGKAT,RT 001 RW 10 DUSUN TELUK DALAM,,"004","61",,,WAJOK HULU,KALIMANTAN BARAT,,,,,,2024_1,,"6104080004005900","00",,
,"617184","0",,0.356581906629502,,"61040800030037","04","080","0037",MEMPAWAH,JONGKAT,RT 004 RW 09 DUSUN PALAWIJA,,"003","61",,,WAJOK HILIR,KALIMANTAN BARAT,,,,,,2024_1,,"6104080003003700","00",,
,"617183","0",,1.83900471516052,,"61040910050002","04","091","0002",MEMPAWAH,ANJONGAN,RT 002 RW 01 DUSUN BAGURUH,,"005","61",,,DEMA,KALIMANTAN BARAT,,,,,,2024_1,,"6104091005000200","00",,
,"617182","0",,0.036999208783457,,"61041000150003","04","100","0003",MEMPAWAH,MEMPAWAH HILIR,RT 03 RW 01 DUSUN KURNIA,,"015","61",,,MALIKIAN,KALIMANTAN BARAT,,,,,,2024_1,,"6104100015000300","00",,
,"617181","0",,34.2580816046212,,"61041100022001","04","110","2001",MEMPAWAH,SUNGAI KUNYIT,HUTAN,,"002","61",,,SEMPARONG PARIT RADEN,KALIMANTAN BARAT,,,,,,2024_1,,"6104110002200100","00",,
,"617301","0",,0.902717686696753,,"61040910062002","04","091","2002",MEMPAWAH,ANJONGAN,RT 004 RW 01 DUSUN BILADO,,"006","61",,,KEPAYANG,KALIMANTAN BARAT,,,,,,2024_1,,"6104091006200200","00",,
,"617180","0",,0.100645005898456,,"61041000150002","04","100","0002",MEMPAWAH,MEMPAWAH HILIR,RT 02 RW 01 DUSUN KURNIA,,"015","61",,,MALIKIAN,KALIMANTAN BARAT,,,,,,2024_1,,"6104100015000200","00",,
,"617179","0",,0.439479045059665,,"61041100050006","04","110","0006",MEMPAWAH,SUNGAI KUNYIT,RT 009 RW 02 DUSUN TANI,,"005","61",,,SUNGAI LIMAU,KALIMANTAN BARAT,,,,,,2024_1,,"6104110005000600","00",,
,"617178","0",,1.57068107274473,,"61041210030002","04","121","0002",MEMPAWAH,SADANIANG,RT 002 RW 01 DUSUN BUMBUN,,"003","61",,,BUMBUN,KALIMANTAN BARAT,,,,,,2024_1,,"6104121003000200","00",,
,"617177","0",,0.448760199210376,,"61040910020002","04","091","0002",MEMPAWAH,ANJONGAN,RT 002 RW 01,,"002","61",,,ANJUNGAN MELANCAR,KALIMANTAN BARAT,,,,,,2024_1,,"6104091002000200","00",,
,"617176","0",,0.387346525564081,,"61041010020002","04","101","0002",MEMPAWAH,MEMPAWAH TIMUR,RT 001 RW 01 DUSUN SENGGIRING,,"002","61",,,SUNGAI BAKAU KECIL,KALIMANTAN BARAT,,,,,,2024_1,,"6104101002000200","00",,
,"617175","0",,0.750499179711368,,"61041010020003","04","101","0003",MEMPAWAH,MEMPAWAH TIMUR,RT 002 RW 01 DUSUN SENGGIIRING,,"002","61",,,SUNGAI BAKAU KECIL,KALIMANTAN BARAT,,,,,,2024_1,,"6104101002000300","00",,
,"617173","0",,2.19729980149791,,"61041100090009","04","110","0009",MEMPAWAH,SUNGAI KUNYIT,RT 009 RW 03 DUSUN KEMBANG LADA,,"009","61",,,BUKIT BATU,KALIMANTAN BARAT,,,,,,2024_1,,"6104110009000900","00",,
,"617172","0",,0.127311031739338,,"61040900090005","04","090","0005",MEMPAWAH,SUNGAI PINYUH,RT 005 RW 001,,"009","61",,,SUNGAI PINYUH,KALIMANTAN BARAT,,,,,,2024_1,,"6104090009000500","00",,
,"616945","0",,0.990524594588157,,"61040800040052","04","080","0052",MEMPAWAH,JONGKAT,RT 001 RW 03 DUSUN TELUK DALAM,,"004","61",,,WAJOK HULU,KALIMANTAN BARAT,,,,,,2024_1,,"6104080004005200","00",,
,"616944","0",,0.88322603773698,,"61040800040054","04","080","0054",MEMPAWAH,JONGKAT,RT 004 RW 03 DUSUN TELUK DALAM,,"004","61",,,WAJOK HULU,KALIMANTAN BARAT,,,,,,2024_1,,"6104080004005400","00",,
,"616943","0",,0.635309510124665,,"61041010040009","04","101","0009",MEMPAWAH,MEMPAWAH TIMUR,RT 009 RW 05 DUSUN TEKAM BARU,,"004","61",,,PASIR PALEMBANG,KALIMANTAN BARAT,,,,,,2024_1,,"6104101004000900","00",,
,"616942","0",,1.90275068125881,,"61040800030027","04","080","0027",MEMPAWAH,JONGKAT,RT 002 RW 08 DUSUN KELAPA,,"003","61",,,WAJOK HILIR,KALIMANTAN BARAT,,,,,,2024_1,,"6104080003002700","00",,
,"616941","0",,0.38799368720529,,"61041010080001","04","101","0001",MEMPAWAH,MEMPAWAH TIMUR,RT 001 RW 01 DUSUN PARIT BANJAR LAUT,,"008","61",,,PARIT BANJAR,KALIMANTAN BARAT,,,,,,2024_1,,"6104101008000100","00",,
,"616940","0",,0.803366676993215,,"61040900080002","04","090","0002",MEMPAWAH,SUNGAI PINYUH,RT 002 RW 01 DUSUN TIMUR,,"008","61",,,SUNGAI RASAU,KALIMANTAN BARAT,,,,,,2024_1,,"6104090008000200","00",,
,"616952","0",,0.483937220764669,,"61041100080004","04","110","0004",MEMPAWAH,SUNGAI KUNYIT,RT 004 RW 02 DUSUN SEMAYAR,,"008","61",,,SUNGAI KUNYIT HULU,KALIMANTAN BARAT,,,,,,2024_1,,"6104110008000400","00",,
,"616939","0",,0.878036490480373,,"61041200040005","04","120","0005",MEMPAWAH,TOHO,RT 005 RW 02 DUSUN 002,,"004","61",,,PAK UTAN,KALIMANTAN BARAT,,,,,,2024_1,,"6104120004000500","00",,
,"616938","0",,0.293780926063725,,"61040900010001","04","090","0001",MEMPAWAH,SUNGAI PINYUH,RT 001 RW 01 DUSUN NIKMAT,,"001","61",,,SUNGAI PURUN KECIL,KALIMANTAN BARAT,,,,,,2024_1,,"6104090001000100","00",,
,"616937","0",,0.179289593605456,,"61040800020058","04","080","0058",MEMPAWAH,JONGKAT,RT 001 RW 15 DUSUN RAHADI USMAN,,"002","61",,,JUNGKAT,KALIMANTAN BARAT,,,,,,2024_1,,"6104080002005800","00",,
,"616936","0",,0.028360975288062,,"61040800040045","04","080","0045",MEMPAWAH,JONGKAT,RT 006 RW 05 DUSUN PANDAN,,"004","61",,,WAJOK HULU,KALIMANTAN BARAT,,,,,,2024_1,,"6104080004004500","00",,
,"616935","0",,0.74564750424532,,"61040910060004","04","091","0004",MEMPAWAH,ANJONGAN,RT 004 RW 01 DUSUN BILADO,,"006","61",,,KEPAYANG,KALIMANTAN BARAT,,,,,,2024_1,,"6104091006000400","00",,
,"616934","0",,2.803331239547,,"61040810060020","04","081","0020",MEMPAWAH,SEGEDONG,RT 018 RW 003 DUSUN LEMBAH HIJAU,,"006","61",,,PENITI DALAM II,KALIMANTAN BARAT,,,,,,2024_1,,"6104081006002000","00",,
,"616933","0",,0.462796732364711,,"61040910060011","04","091","0011",MEMPAWAH,ANJONGAN,RT 011 RW 03 DUSUN PELADIS,,"006","61",,,KEPAYANG,KALIMANTAN BARAT,,,,,,2024_1,,"6104091006001100","00",,
,"616932","0",,0.359981438086754,,"61041100030003","04","110","0003",MEMPAWAH,SUNGAI KUNYIT,RT 003 RW 01 DUSUN MANDALA,,"003","61",,,MENDALOK,KALIMANTAN BARAT,,,,,,2024_1,,"6104110003000300","00",,
,"616931","0",,0.160864452795897,,"61040900100008","04","090","0008",MEMPAWAH,SUNGAI PINYUH,RT 004 RW 02 DUSUN BARAT,,"010","61",,,SUNGAI BATANG,KALIMANTAN BARAT,,,,,,2024_1,,"6104090010000800","00",,
,"616930","0",,0.572231820020095,,"61040900080009","04","090","0009",MEMPAWAH,SUNGAI PINYUH,RT 009 RW 04 DUSUN BARAT,,"008","61",,,SUNGAI RASAU,KALIMANTAN BARAT,,,,,,2024_1,,"6104090008000900","00",,
,"616929","0",,0.431978633301974,,"61040900110005","04","090","0005",MEMPAWAH,SUNGAI PINYUH,RT 004 RW 02 DUSUN BARAT,,"011","61",,,SUNGAI BAKAU BESAR LAUT,KALIMANTAN BARAT,,,,,,2024_1,,"6104090011000500","00",,
,"616928","0",,1.02651854854557,,"61041100030005","04","110","0005",MEMPAWAH,SUNGAI KUNYIT,RT 005 RW 02 DUSUN DURIAN,,"003","61",,,MENDALOK,KALIMANTAN BARAT,,,,,,2024_1,,"6104110003000500","00",,
,"616927","0",,0.102219216529644,,"61040900090049","04","090","0049",MEMPAWAH,SUNGAI PINYUH,RT 007 RW 006,,"009","61",,,SUNGAI PINYUH,KALIMANTAN BARAT,,,,,,2024_1,,"6104090009004900","00",,
,"616926","0",,0.110534874876032,,"61040800020070","04","080","0070",MEMPAWAH,JONGKAT,RT 006 RW 010 DUSUN RADEN TAUFIK,,"002","61",,,JUNGKAT,KALIMANTAN BARAT,,,,,,2024_1,,"6104080002007000","00",,
,"616925","0",,0.643701086279,,"61040800030014","04","080","0014",MEMPAWAH,JONGKAT,RT 001 RW 02 DUSUN PADI,,"003","61",,,WAJOK HILIR,KALIMANTAN BARAT,,,,,,2024_1,,"6104080003001400","00",,
,"616924","0",,0.653117321147332,,"61040800030018","04","080","0018",MEMPAWAH,JONGKAT,RT 001 RW 05 DUSUN KOPI,,"003","61",,,WAJOK HILIR,KALIMANTAN BARAT,,,,,,2024_1,,"6104080003001800","00",,
,"616923","0",,0.640003941288186,,"61040900110014","04","090","0014",MEMPAWAH,SUNGAI PINYUH,RT 009 RW 04 DUSUN TIMUR,,"011","61",,,SUNGAI BAKAU BESAR LAUT,KALIMANTAN BARAT,,,,,,2024_1,,"6104090011001400","00",,
,"616922","0",,0.144730119692098,,"61041010060005","04","101","0005",MEMPAWAH,MEMPAWAH TIMUR,RT 005 RW 02 DUSUN PENDIDIKAN,,"006","61",,,ANTIBAR,KALIMANTAN BARAT,,,,,,2024_1,,"6104101006000500","00",,
,"616921","0",,0.722494750155607,,"61041100120003","04","110","0003",MEMPAWAH,SUNGAI KUNYIT,RT 003 RW 01 DUSUN KARYA,,"012","61",,,SUNGAI DURI II,KALIMANTAN BARAT,,,,,,2024_1,,"6104110012000300","00",,
,"616920","0",,0.277581070098207,,"61041010080009","04","101","0009",MEMPAWAH,MEMPAWAH TIMUR,RT 009 RW 05 DUSUN PARIT BANJAR TENGAH,,"008","61",,,PARIT BANJAR,KALIMANTAN BARAT,,,,,,2024_1,,"6104101008000900","00",,
,"616919","0",,0.57062107509219,,"61041010060031","04","101","0031",MEMPAWAH,MEMPAWAH TIMUR,RT 031 RW 09 DUSUN BUKIT ASAM,,"006","61",,,ANTIBAR,KALIMANTAN BARAT,,,,,,2024_1,,"6104101006003100","00",,
,"616918","0",,0.083683439546872,,"61041000020003","04","100","0003",MEMPAWAH,MEMPAWAH HILIR,RT 003 RW 02 DUSUN ABADI,,"002","61",,,KUALA SECAPAH,KALIMANTAN BARAT,,,,,,2024_1,,"6104100002000300","00",,
,"616917","0",,2.54758153666822,,"61041000080003","04","100","0003",MEMPAWAH,MEMPAWAH HILIR,RT 030 RW 01,,"008","61",,,TERUSAN,KALIMANTAN BARAT,,,,,,2024_1,,"6104100008000300","00",,
,"616916","0",,0.591012468794545,,"61041000080005","04","100","0005",MEMPAWAH,MEMPAWAH HILIR,RT 028 RW 02,,"008","61",,,TERUSAN,KALIMANTAN BARAT,,,,,,2024_1,,"6104100008000500","00",,
,"616951","0",,0.354938110789153,,"61040810020003","04","081","0003",MEMPAWAH,SEGEDONG,RT 003 RW 001 DUSUN SUBUR 1,,"002","61",,,SUNGAI BURUNG,KALIMANTAN BARAT,,,,,,2024_1,,"6104081002000300","00",,
,"616915","0",,0.448963935643865,,"61041100070008","04","110","0008",MEMPAWAH,SUNGAI KUNYIT,RT 008 RW 03 DUSUN CEMPAKA,,"007","61",,,SUNGAI KUNYIT DALAM,KALIMANTAN BARAT,,,,,,2024_1,,"6104110007000800","00",,
,"616914","0",,0.109894975561156,,"61040900090050","04","090","0050",MEMPAWAH,SUNGAI PINYUH,RT 008 RW 006,,"009","61",,,SUNGAI PINYUH,KALIMANTAN BARAT,,,,,,2024_1,,"6104090009005000","00",,
,"616913","0",,0.319064563705659,,"61040800020055","04","080","0055",MEMPAWAH,JONGKAT,RT 001 RW 01 DUSUN RAHADI USMAN,,"002","61",,,JUNGKAT,KALIMANTAN BARAT,,,,,,2024_1,,"6104080002005500","00",,
,"616912","0",,1.00856490538552,,"61040810050019","04","081","0019",MEMPAWAH,SEGEDONG,RT 001 RW 007 DUSUN KARYA BERSAMA,,"005","61",,,PENITI BESAR,KALIMANTAN BARAT,,,,,,2024_1,,"6104081005001900","00",,
,"616911","0",,0.952627754824099,,"61040810050020","04","081","0020",MEMPAWAH,SEGEDONG,RT 002 RW 007 DUSUN KARYA BERSAMA,,"005","61",,,PENITI BESAR,KALIMANTAN BARAT,,,,,,2024_1,,"6104081005002000","00",,
,"616910","0",,0.691539902280979,,"61040810060018","04","081","0018",MEMPAWAH,SEGEDONG,RT 017 RW 003 DUSUN CAHAYA INTAN,,"006","61",,,PENITI DALAM II,KALIMANTAN BARAT,,,,,,2024_1,,"6104081006001800","00",,
,"616909","0",,0.009930485048143,,"61041010010001","04","101","0001",MEMPAWAH,MEMPAWAH TIMUR,RT 001 RW 01,,"001","61",,,PASIR WAN SALIM,KALIMANTAN BARAT,,,,,,2024_1,,"6104101001000100","00",,
,"616908","0",,0.208101512838827,,"61040910020017","04","091","0017",MEMPAWAH,ANJONGAN,RT 009 RW 04,,"002","61",,,ANJUNGAN MELANCAR,KALIMANTAN BARAT,,,,,,2024_1,,"6104091002001700","00",,
,"616907","0",,0.07894225800944,,"61040800020019","04","080","0019",MEMPAWAH,JONGKAT,RT 005 RW 012 DUSUN PANGERAN ADIPATI,,"002","61",,,JUNGKAT,KALIMANTAN BARAT,,,,,,2024_1,,"6104080002001900","00",,
,"616906","0",,0.179324815295118,,"61040910020018","04","091","0018",MEMPAWAH,ANJONGAN,RT 010 RW 04,,"002","61",,,ANJUNGAN MELANCAR,KALIMANTAN BARAT,,,,,,2024_1,,"6104091002001800","00",,
,"616905","0",,0.291903653073389,,"61040910020023","04","091","0023",MEMPAWAH,ANJONGAN,RT 016 RW 04,,"002","61",,,ANJUNGAN MELANCAR,KALIMANTAN BARAT,,,,,,2024_1,,"6104091002002300","00",,
,"616904","0",,0.257710895286317,,"61041000070002","04","100","0002",MEMPAWAH,MEMPAWAH HILIR,RT 002 RW 01,,"007","61",,,TENGAH,KALIMANTAN BARAT,,,,,,2024_1,,"6104100007000200","00",,
,"616903","0",,0.393892158566306,,"61041100030009","04","110","0009",MEMPAWAH,SUNGAI KUNYIT,RT 009 RW 03 DUSUN TELAGA PUTIH,,"003","61",,,MENDALOK,KALIMANTAN BARAT,,,,,,2024_1,,"6104110003000900","00",,
,"616902","0",,0.040348841344641,,"61040900010018","04","090","0018",MEMPAWAH,SUNGAI PINYUH,RT 018 RW 09 DUSUN BAHAGIAH,,"001","61",,,SUNGAI PURUN KECIL,KALIMANTAN BARAT,,,,,,2024_1,,"6104090001001800","00",,
,"616901","0",,0.621749887258421,,"61041010040010","04","101","0010",MEMPAWAH,MEMPAWAH TIMUR,RT 010 RW 05 DUSUN TEKAM BARU,,"004","61",,,PASIR PALEMBANG,KALIMANTAN BARAT,,,,,,2024_1,,"6104101004001000","00",,
,"616900","0",,0.660152156429721,,"61040900050011","04","090","0011",MEMPAWAH,SUNGAI PINYUH,RT 011 RW 04 DUSUN SELATAN,,"005","61",,,GALANG,KALIMANTAN BARAT,,,,,,2024_1,,"6104090005001100","00",,
,"616899","0",,0.140969980240021,,"61040900100006","04","090","0006",MEMPAWAH,SUNGAI PINYUH,RT 002 RW 02 DUSUN BARAT,,"010","61",,,SUNGAI BATANG,KALIMANTAN BARAT,,,,,,2024_1,,"6104090010000600","00",,
,"616898","0",,0.779954514339437,,"61041000010005","04","100","0005",MEMPAWAH,MEMPAWAH HILIR,RT 05 RW 03,,"001","61",,,TANJUNG,KALIMANTAN BARAT,,,,,,2024_1,,"6104100001000500","00",,
,"616889","0",,0.092847599956404,,"61040810050007","04","081","0007",MEMPAWAH,SEGEDONG,RT 007 RW 015 DUSUN SUKA DAMAI,,"005","61",,,PENITI BESAR,KALIMANTAN BARAT,,,,,,2024_1,,"6104081005000700","00",,
,"616888","0",,0.052242776620633,,"61041000020005","04","100","0005",MEMPAWAH,MEMPAWAH HILIR,RT 005 RW 03 DUSUN KABO,,"002","61",,,KUALA SECAPAH,KALIMANTAN BARAT,,,,,,2024_1,,"6104100002000500","00",,
,"616887","0",,0.263011111769661,,"61041200060001","04","120","0001",MEMPAWAH,TOHO,RT 001 RW 01 DUSUN ONA,,"006","61",,,PAK LAHENG,KALIMANTAN BARAT,,,,,,2024_1,,"6104120006000100","00",,
,"616886","0",,1.20079453207237,,"61041100040002","04","110","0002",MEMPAWAH,SUNGAI KUNYIT,RT 002 RW 02 DUSUN BERINGIN,,"004","61",,,SUNGAI DUNGUN,KALIMANTAN BARAT,,,,,,2024_1,,"6104110004000200","00",,
,"616885","0",,0.914777727698767,,"61041200050014","04","120","0014",MEMPAWAH,TOHO,RT 012 RW 04 DUSUN KUMPANG,,"005","61",,,SEPANG,KALIMANTAN BARAT,,,,,,2024_1,,"6104120005001400","00",,
,"616884","0",,7.54402219957969,,"61041100092002","04","110","2002",MEMPAWAH,SUNGAI KUNYIT,HUTAN (007P),,"009","61",,,BUKIT BATU,KALIMANTAN BARAT,,,,,,2024_1,,"6104110009200200","00",,
,"616880","0",,1.55399072922304,,"61040910050008","04","091","0008",MEMPAWAH,ANJONGAN,RT 012 RW 02 DUSUN DEMA,,"005","61",,,DEMA,KALIMANTAN BARAT,,,,,,2024_1,,"6104091005000800","00",,
,"616879","0",,0.151424077172982,,"61040910020016","04","091","0016",MEMPAWAH,ANJONGAN,RT 008 RW 03,,"002","61",,,ANJUNGAN MELANCAR,KALIMANTAN BARAT,,,,,,2024_1,,"6104091002001600","00",,
,"616878","0",,0.190271392523524,,"61041200050004","04","120","0004",MEMPAWAH,TOHO,RT 004 RW 02 DUSUN SEPANG,,"005","61",,,SEPANG,KALIMANTAN BARAT,,,,,,2024_1,,"6104120005000400","00",,
,"616877","0",,1.70123792857657,,"61041200050001","04","120","0001",MEMPAWAH,TOHO,RT 001 RW 01 DUSUN SEPANG,,"005","61",,,SEPANG,KALIMANTAN BARAT,,,,,,2024_1,,"6104120005000100","00",,
,"616893","0",,0.543695379769694,,"61040800030036","04","080","0036",MEMPAWAH,JONGKAT,RT 003 RW 09 DUSUN PALAWIJA,,"003","61",,,WAJOK HILIR,KALIMANTAN BARAT,,,,,,2024_1,,"6104080003003600","00",,
,"616892","0",,0.3342578842178,,"61040810050011","04","081","0011",MEMPAWAH,SEGEDONG,RT 002 RW 003 DUSUN KARYA BAKTI,,"005","61",,,PENITI BESAR,KALIMANTAN BARAT,,,,,,2024_1,,"6104081005001100","00",,
,"616891","0",,0.329107020550549,,"61041010080002","04","101","0002",MEMPAWAH,MEMPAWAH TIMUR,RT 002 RW 01 DUSUN PARIT BANJAR LAUT,,"008","61",,,PARIT BANJAR,KALIMANTAN BARAT,,,,,,2024_1,,"6104101008000200","00",,
,"616890","0",,0.302641841312783,,"61041010020021","04","101","0021",MEMPAWAH,MEMPAWAH TIMUR,RT 015 RW 05 DUSUN SEPAKAT DARAT,,"002","61",,,SUNGAI BAKAU KECIL,KALIMANTAN BARAT,,,,,,2024_1,,"6104101002002100","00",,
,"616883","0",,0.384321038062942,,"61041100110003","04","110","0003",MEMPAWAH,SUNGAI KUNYIT,RT 012 RW 01 DUSUN SABAR,,"011","61",,,SUNGAI DURI I,KALIMANTAN BARAT,,,,,,2024_1,,"6104110011000300","00",,
,"616882","0",,1.87112076096446,,"61041100090008","04","110","0008",MEMPAWAH,SUNGAI KUNYIT,RT 008 RW 03 DUSUN KEMBANG LADA,,"009","61",,,BUKIT BATU,KALIMANTAN BARAT,,,,,,2024_1,,"6104110009000800","00",,
,"616876","0",,0.232253295526346,,"61040800040010","04","080","0010",MEMPAWAH,JONGKAT,RT 003 RW 09 DUSUN DURIAN,,"004","61",,,WAJOK HULU,KALIMANTAN BARAT,,,,,,2024_1,,"6104080004001000","00",,
,"616875","0",,0.834601396686785,,"61041200050011","04","120","0011",MEMPAWAH,TOHO,RT 009 RW 04 DUSUN KUMPANG,,"005","61",,,SEPANG,KALIMANTAN BARAT,,,,,,2024_1,,"6104120005001100","00",,
,"616874","0",,1.39168071093568,,"61041000010004","04","100","0004",MEMPAWAH,MEMPAWAH HILIR,RT 04 RW 02,,"001","61",,,TANJUNG,KALIMANTAN BARAT,,,,,,2024_1,,"6104100001000400","00",,
,"616894","0",,0.999278537241344,,"61040800030032","04","080","0032",MEMPAWAH,JONGKAT,RT 002 RW 04 DUSUN COKLAT,,"003","61",,,WAJOK HILIR,KALIMANTAN BARAT,,,,,,2024_1,,"6104080003003200","00",,
,"616873","0",,1.76940544616535,,"61041000020015","04","100","0015",MEMPAWAH,MEMPAWAH HILIR,RT 015 RW 08 DUSUN HARAPAN,,"002","61",,,KUALA SECAPAH,KALIMANTAN BARAT,,,,,,2024_1,,"6104100002001500","00",,
,"616872","0",,0.030616246153942,,"61041000150008","04","100","0008",MEMPAWAH,MEMPAWAH HILIR,RT 08 RW 03 DUSUN ABRASI,,"015","61",,,MALIKIAN,KALIMANTAN BARAT,,,,,,2024_1,,"6104100015000800","00",,
,"616871","0",,0.098273393694063,,"61040910030008","04","091","0008",MEMPAWAH,ANJONGAN,RT 007 RW 02 DUSUN PRAMUKA,,"003","61",,,ANJUNGAN DALAM,KALIMANTAN BARAT,,,,,,2024_1,,"6104091003000800","00",,
,"616870","0",,0.448088694422894,,"61041010030014","04","101","0014",MEMPAWAH,MEMPAWAH TIMUR,RT 014 RW 07 DUSUN SENAMBUNG,,"003","61",,,PASIR PANJANG,KALIMANTAN BARAT,,,,,,2024_1,,"6104101003001400","00",,
,"616869","0",,1.98634709324192,,"61040800020068","04","080","0068",MEMPAWAH,JONGKAT,RT 002 RW 22 DUSUN RADEN WIJAYA,,"002","61",,,JUNGKAT,KALIMANTAN BARAT,,,,,,2024_1,,"6104080002006800","00",,
,"616867","0",,0.284831096085572,,"61041100050005","04","110","0005",MEMPAWAH,SUNGAI KUNYIT,RT 005 RW 02 DUSUN TANI,,"005","61",,,SUNGAI LIMAU,KALIMANTAN BARAT,,,,,,2024_1,,"6104110005000500","00",,
,"616866","0",,0.272543434188837,,"61040900030010","04","090","0010",MEMPAWAH,SUNGAI PINYUH,RT 010 RW 05 DUSUN SUI DAYAK,,"003","61",,,PENIRAMAN,KALIMANTAN BARAT,,,,,,2024_1,,"6104090003001000","00",,
,"616865","0",,0.106058432498367,,"61040900030014","04","090","0014",MEMPAWAH,SUNGAI PINYUH,RT 014 RW 07 DUSUN PENIRAMAN DALAM,,"003","61",,,PENIRAMAN,KALIMANTAN BARAT,,,,,,2024_1,,"6104090003001400","00",,
,"616864","0",,0.174113252806768,,"61041000070008","04","100","0008",MEMPAWAH,MEMPAWAH HILIR,RT 008 RW 03,,"007","61",,,TENGAH,KALIMANTAN BARAT,,,,,,2024_1,,"6104100007000800","00",,
,"616863","0",,0.013670644971205,,"61041000070018","04","100","0018",MEMPAWAH,MEMPAWAH HILIR,RT 018 RW 06,,"007","61",,,TENGAH,KALIMANTAN BARAT,,,,,,2024_1,,"6104100007001800","00",,
,"616861","0",,0.137301030301209,,"61040900090051","04","090","0051",MEMPAWAH,SUNGAI PINYUH,RT 009 RW 006,,"009","61",,,SUNGAI PINYUH,KALIMANTAN BARAT,,,,,,2024_1,,"6104090009005100","00",,
,"616860","0",,0.595971685211464,,"61041000070019","04","100","0019",MEMPAWAH,MEMPAWAH HILIR,RT 019 RW 07,,"007","61",,,TENGAH,KALIMANTAN BARAT,,,,,,2024_1,,"6104100007001900","00",,
,"616859","0",,0.287049012935739,,"61040800040055","04","080","0055",MEMPAWAH,JONGKAT,RT 001 RW 09 DUSUN TELUK DALAM,,"004","61",,,WAJOK HULU,KALIMANTAN BARAT,,,,,,2024_1,,"6104080004005500","00",,
,"616858","0",,0.104949333485508,,"61040900090017","04","090","0017",MEMPAWAH,SUNGAI PINYUH,RT 011 RW 002,,"009","61",,,SUNGAI PINYUH,KALIMANTAN BARAT,,,,,,2024_1,,"6104090009001700","00",,
,"616857","0",,0.072089727234047,,"61040900100001","04","090","0001",MEMPAWAH,SUNGAI PINYUH,RT 001 RW 01 DUSUN TIMUR,,"010","61",,,SUNGAI BATANG,KALIMANTAN BARAT,,,,,,2024_1,,"6104090010000100","00",,
,"616897","0",,0.924119790144929,,"61041100120001","04","110","0001",MEMPAWAH,SUNGAI KUNYIT,RT 001 RW 01 DUSUN KARYA,,"012","61",,,SUNGAI DURI II,KALIMANTAN BARAT,,,,,,2024_1,,"6104110012000100","00",,
,"616856","0",,0.540108604520785,,"61040810020005","04","081","0005",MEMPAWAH,SEGEDONG,RT 005 RW 001 DUSUN SUBUR 1,,"002","61",,,SUNGAI BURUNG,KALIMANTAN BARAT,,,,,,2024_1,,"6104081002000500","00",,
,"616855","0",,0.063403982510789,,"61040900090012","04","090","0012",MEMPAWAH,SUNGAI PINYUH,RT 006 RW 002,,"009","61",,,SUNGAI PINYUH,KALIMANTAN BARAT,,,,,,2024_1,,"6104090009001200","00",,
,"616854","0",,0.216513523331113,,"61041010060016","04","101","0016",MEMPAWAH,MEMPAWAH TIMUR,RT 016 RW 05 DUSUN SATRIA,,"006","61",,,ANTIBAR,KALIMANTAN BARAT,,,,,,2024_1,,"6104101006001600","00",,
,"616853","0",,0.307086870446732,,"61041010060030","04","101","0030",MEMPAWAH,MEMPAWAH TIMUR,RT 030 RW 09 DUSUN BUKIT ASAM,,"006","61",,,ANTIBAR,KALIMANTAN BARAT,,,,,,2024_1,,"6104101006003000","00",,
,"616852","0",,0.521577574541517,,"61040910020007","04","091","0007",MEMPAWAH,ANJONGAN,RT 020 RW 01,,"002","61",,,ANJUNGAN MELANCAR,KALIMANTAN BARAT,,,,,,2024_1,,"6104091002000700","00",,
,"616851","0",,2.92472921651399,,"61041200040009","04","120","0009",MEMPAWAH,TOHO,RT 009 RW 03 DUSUN 003,,"004","61",,,PAK UTAN,KALIMANTAN BARAT,,,,,,2024_1,,"6104120004000900","00",,
,"616850","0",,1.36077546148601,,"61041200040010","04","120","0010",MEMPAWAH,TOHO,RT 013 RW 03 DUSUN 003,,"004","61",,,PAK UTAN,KALIMANTAN BARAT,,,,,,2024_1,,"6104120004001000","00",,
,"616849","0",,1.16277315660887,,"61041200020012","04","120","0012",MEMPAWAH,TOHO,RT 009 RW 03 DUSUN TUNAS JAYA,,"002","61",,,SAMBORA,KALIMANTAN BARAT,,,,,,2024_1,,"6104120002001200","00",,
,"616848","0",,0.338987395352033,,"61041200020010","04","120","0010",MEMPAWAH,TOHO,RT 007 RW 03 DUSUN TUNAS JAYA,,"002","61",,,SAMBORA,KALIMANTAN BARAT,,,,,,2024_1,,"6104120002001000","00",,
,"616847","0",,0.741626622626519,,"61041100070001","04","110","0001",MEMPAWAH,SUNGAI KUNYIT,RT 001 RW 01 DUSUN MELATI,,"007","61",,,SUNGAI KUNYIT DALAM,KALIMANTAN BARAT,,,,,,2024_1,,"6104110007000100","00",,
,"616846","0",,0.093052702874762,,"61041100060002","04","110","0002",MEMPAWAH,SUNGAI KUNYIT,RT 002 RW 01 DUSUN SABAR,,"006","61",,,SUNGAI KUNYIT LAUT,KALIMANTAN BARAT,,,,,,2024_1,,"6104110006000200","00",,
,"616845","0",,0.021827672968202,,"61040900090031","04","090","0031",MEMPAWAH,SUNGAI PINYUH,RT 006 RW 004,,"009","61",,,SUNGAI PINYUH,KALIMANTAN BARAT,,,,,,2024_1,,"6104090009003100","00",,
,"616844","0",,1.06411235096207,,"61040810030007","04","081","0007",MEMPAWAH,SEGEDONG,RT 007 RW 03 DUSUN KEMUNING,,"003","61",,,SUNGAI PURUN BESAR,KALIMANTAN BARAT,,,,,,2024_1,,"6104081003000700","00",,
,"616843","0",,0.245101730907087,,"61041100090003","04","110","0003",MEMPAWAH,SUNGAI KUNYIT,RT 003 RW 01 DUSUN KARYA UTAMA,,"009","61",,,BUKIT BATU,KALIMANTAN BARAT,,,,,,2024_1,,"6104110009000300","00",,
,"616881","0",,0.016031313121374,,"61040800020029","04","080","0029",MEMPAWAH,JONGKAT,RT 002 RW 005 DUSUN PANGSUMA,,"002","61",,,JUNGKAT,KALIMANTAN BARAT,,,,,,2024_1,,"6104080002002900","00",,
,"616842","0",,0.037455184971786,,"61040800040064","04","080","0064",MEMPAWAH,JONGKAT,RT 001 RW 12 DUSUN BRAHIMA,,"004","61",,,WAJOK HULU,KALIMANTAN BARAT,,,,,,2024_1,,"6104080004006400","00",,
,"616841","0",,0.475103059257892,,"61040900090042","04","090","0042",MEMPAWAH,SUNGAI PINYUH,RT 009 RW 005,,"009","61",,,SUNGAI PINYUH,KALIMANTAN BARAT,,,,,,2024_1,,"6104090009004200","00",,
,"616840","0",,0.404674697396722,,"61040900120020","04","090","0020",MEMPAWAH,SUNGAI PINYUH,RT 020 RW 010 DUSUN PARIT AKOP,,"012","61",,,SUNGAI BAKAU BESAR DARAT,KALIMANTAN BARAT,,,,,,2024_1,,"6104090012002000","00",,
,"616839","0",,0.154109547959406,,"61040900100004","04","090","0004",MEMPAWAH,SUNGAI PINYUH,RT 004 RW 01 DUSUN TIMUR,,"010","61",,,SUNGAI BATANG,KALIMANTAN BARAT,,,,,,2024_1,,"6104090010000400","00",,
,"616838","0",,0.608065254791652,,"61040900040017","04","090","0017",MEMPAWAH,SUNGAI PINYUH,RT 001 RW 08 DUSUN 04,,"004","61",,,NUSAPATI,KALIMANTAN BARAT,,,,,,2024_1,,"6104090004001700","00",,
,"616837","0",,1.13177496244412,,"61040900040018","04","090","0018",MEMPAWAH,SUNGAI PINYUH,RT 002 RW 08 DUSUN 04,,"004","61",,,NUSAPATI,KALIMANTAN BARAT,,,,,,2024_1,,"6104090004001800","00",,
,"616836","0",,1.24388928337803,,"61040900040020","04","090","0020",MEMPAWAH,SUNGAI PINYUH,RT 001 RW 09 DUSUN 05,,"004","61",,,NUSAPATI,KALIMANTAN BARAT,,,,,,2024_1,,"6104090004002000","00",,
,"616835","0",,0.122675691992069,,"61041010020014","04","101","0014",MEMPAWAH,MEMPAWAH TIMUR,RT 011 RW 03 DUSUN SEPAKAT TENGAH,,"002","61",,,SUNGAI BAKAU KECIL,KALIMANTAN BARAT,,,,,,2024_1,,"6104101002001400","00",,
,"616834","0",,0.438858971206688,,"61041010070009","04","101","0009",MEMPAWAH,MEMPAWAH TIMUR,RT 006 RW 03 DUSUN BEMBAN,,"007","61",,,SEJEGI,KALIMANTAN BARAT,,,,,,2024_1,,"6104101007000900","00",,
,"616833","0",,0.499570937618431,,"61041010060028","04","101","0028",MEMPAWAH,MEMPAWAH TIMUR,RT 028 RW 08 DUSUN TARUNA OPU,,"006","61",,,ANTIBAR,KALIMANTAN BARAT,,,,,,2024_1,,"6104101006002800","00",,
,"616832","0",,0.507093591450137,,"61041010060023","04","101","0023",MEMPAWAH,MEMPAWAH TIMUR,RT 023 RW 07 DUSUN MEKAR JAYA,,"006","61",,,ANTIBAR,KALIMANTAN BARAT,,,,,,2024_1,,"6104101006002300","00",,
,"616831","0",,0.335577009830585,,"61040910050006","04","091","0006",MEMPAWAH,ANJONGAN,RT 004 RW 02 DUSUN DEMA,,"005","61",,,DEMA,KALIMANTAN BARAT,,,,,,2024_1,,"6104091005000600","00",,
,"616830","0",,4.74650019243444,,"61040910050011","04","091","0011",MEMPAWAH,ANJONGAN,RT 008 RW 03 DUSUN PINYUH KERSIK,,"005","61",,,DEMA,KALIMANTAN BARAT,,,,,,2024_1,,"6104091005001100","00",,
,"616829","0",,0.282035317539205,,"61041100120008","04","110","0008",MEMPAWAH,SUNGAI KUNYIT,RT 008 RW 02 DUSUN TARUNA,,"012","61",,,SUNGAI DURI II,KALIMANTAN BARAT,,,,,,2024_1,,"6104110012000800","00",,
,"616828","0",,1.01981703221048,,"61041100120004","04","110","0004",MEMPAWAH,SUNGAI KUNYIT,RT 004 RW 01 DUSUN KARYA,,"012","61",,,SUNGAI DURI II,KALIMANTAN BARAT,,,,,,2024_1,,"6104110012000400","00",,
,"616827","0",,0.226138918856173,,"61041100070002","04","110","0002",MEMPAWAH,SUNGAI KUNYIT,RT 002 RW 01 DUSUN MELATI,,"007","61",,,SUNGAI KUNYIT DALAM,KALIMANTAN BARAT,,,,,,2024_1,,"6104110007000200","00",,
,"616826","0",,0.870266923509027,,"61041100060012","04","110","0012",MEMPAWAH,SUNGAI KUNYIT,RT 012 RW 06 DUSUN MUFAKAT,,"006","61",,,SUNGAI KUNYIT LAUT,KALIMANTAN BARAT,,,,,,2024_1,,"6104110006001200","00",,
,"616825","0",,0.195004788639743,,"61040800040004","04","080","0004",MEMPAWAH,JONGKAT,RT 001 RW 11 DUSUN BRAHIMA,,"004","61",,,WAJOK HULU,KALIMANTAN BARAT,,,,,,2024_1,,"6104080004000400","00",,
,"616868","0",,0.32145723856984,,"61041100020003","04","110","0003",MEMPAWAH,SUNGAI KUNYIT,RT 009 RW 01 DUSUN TAUFIK,,"002","61",,,SEMPARONG PARIT RADEN,KALIMANTAN BARAT,,,,,,2024_1,,"6104110002000300","00",,
,"616823","0",,0.022080141797166,,"61040900090045","04","090","0045",MEMPAWAH,SUNGAI PINYUH,RT 003 RW 006,,"009","61",,,SUNGAI PINYUH,KALIMANTAN BARAT,,,,,,2024_1,,"6104090009004500","00",,
,"616822","0",,0.121096196622565,,"61040800040027","04","080","0027",MEMPAWAH,JONGKAT,RT 002 RW 01 DUSUN LAPAN,,"004","61",,,WAJOK HULU,KALIMANTAN BARAT,,,,,,2024_1,,"6104080004002700","00",,
,"616821","0",,1.04086484167907,,"61040800030026","04","080","0026",MEMPAWAH,JONGKAT,RT 001 RW 08 DUSUN KELAPA,,"003","61",,,WAJOK HILIR,KALIMANTAN BARAT,,,,,,2024_1,,"6104080003002600","00",,
,"616820","0",,0.281069881572512,,"61040800030022","04","080","0022",MEMPAWAH,JONGKAT,RT 005 RW 05 DUSUN KOPI,,"003","61",,,WAJOK HILIR,KALIMANTAN BARAT,,,,,,2024_1,,"6104080003002200","00",,
,"616819","0",,2.55952783258646,,"61040800060009","04","080","0009",MEMPAWAH,JONGKAT,RT 005 RW 02 DUSUN KARYA BHAKTI,,"006","61",,,PENITI LUAR,KALIMANTAN BARAT,,,,,,2024_1,,"6104080006000900","00",,
,"616818","0",,0.772970385840886,,"61040800040034","04","080","0034",MEMPAWAH,JONGKAT,RT 005 RW 02 DUSUN LAPAN,,"004","61",,,WAJOK HULU,KALIMANTAN BARAT,,,,,,2024_1,,"6104080004003400","00",,
,"616817","0",,0.616673515168575,,"61040800040062","04","080","0062",MEMPAWAH,JONGKAT,RT 003 RW 03 DUSUN TELUK DALAM,,"004","61",,,WAJOK HULU,KALIMANTAN BARAT,,,,,,2024_1,,"6104080004006200","00",,
,"616816","0",,0.472196899679651,,"61041010020032","04","101","0032",MEMPAWAH,MEMPAWAH TIMUR,RT 032 RW 07 DUSUN BENTENG TIMUR,,"002","61",,,SUNGAI BAKAU KECIL,KALIMANTAN BARAT,,,,,,2024_1,,"6104101002003200","00",,
,"616815","0",,0.463511721807712,,"61040810010024","04","081","0024",MEMPAWAH,SEGEDONG,RT 024 RW 006 DUSUN AMBO PINANG,,"001","61",,,PENITI DALAM I,KALIMANTAN BARAT,,,,,,2024_1,,"6104081001002400","00",,
,"616814","0",,0.320839127463895,,"61040910020012","04","091","0012",MEMPAWAH,ANJONGAN,RT 004 RW 02,,"002","61",,,ANJUNGAN MELANCAR,KALIMANTAN BARAT,,,,,,2024_1,,"6104091002001200","00",,
,"616813","0",,0.265486097853075,,"61041000150022","04","100","0022",MEMPAWAH,MEMPAWAH HILIR,RT 22 RW 08 DUSUN MEKAR,,"015","61",,,MALIKIAN,KALIMANTAN BARAT,,,,,,2024_1,,"6104100015002200","00",,
,"616824","0",,0.020400936563441,,"61040900090054","04","090","0054",MEMPAWAH,SUNGAI PINYUH,RT 012 RW 006,,"009","61",,,SUNGAI PINYUH,KALIMANTAN BARAT,,,,,,2024_1,,"6104090009005400","00",,
,"616812","0",,0.06734389149282,,"61040810020002","04","081","0002",MEMPAWAH,SEGEDONG,RT 002 RW 001 DUSUN SUBUR 1,,"002","61",,,SUNGAI BURUNG,KALIMANTAN BARAT,,,,,,2024_1,,"6104081002000200","00",,
,"616811","0",,0.211543018087194,,"61040810021003","04","081","1003",MEMPAWAH,SEGEDONG,SAWAH,,"002","61",,,SUNGAI BURUNG,KALIMANTAN BARAT,,,,,,2024_1,,"6104081002100300","00",,
,"616809","0",,0.177180495388732,,"61040900040008","04","090","0008",MEMPAWAH,SUNGAI PINYUH,RT 002 RW 03 DUSUN 02,,"004","61",,,NUSAPATI,KALIMANTAN BARAT,,,,,,2024_1,,"6104090004000800","00",,
,"616808","0",,0.734947671900461,,"61040900040013","04","090","0013",MEMPAWAH,SUNGAI PINYUH,RT 002 RW 06 DUSUN 03,,"004","61",,,NUSAPATI,KALIMANTAN BARAT,,,,,,2024_1,,"6104090004001300","00",,
,"616807","0",,0.837406025902717,,"61040900050007","04","090","0007",MEMPAWAH,SUNGAI PINYUH,RT 007 RW 03 DUSUN TENGAH,,"005","61",,,GALANG,KALIMANTAN BARAT,,,,,,2024_1,,"6104090005000700","00",,
,"616806","0",,0.433155915510955,,"61040900120007","04","090","0007",MEMPAWAH,SUNGAI PINYUH,RT 007 RW 04 DUSUN HULU SUNGAI,,"012","61",,,SUNGAI BAKAU BESAR DARAT,KALIMANTAN BARAT,,,,,,2024_1,,"6104090012000700","00",,
,"616805","0",,0.473256454855087,,"61041100110002","04","110","0002",MEMPAWAH,SUNGAI KUNYIT,RT 002 RW 01 DUSUN SABAR,,"011","61",,,SUNGAI DURI I,KALIMANTAN BARAT,,,,,,2024_1,,"6104110011000200","00",,
,"616804","0",,0.231804457606967,,"61040800020009","04","080","0009",MEMPAWAH,JONGKAT,RT 001 RW 014 DUSUN URAI BAWADI,,"002","61",,,JUNGKAT,KALIMANTAN BARAT,,,,,,2024_1,,"6104080002000900","00",,
,"616802","0",,0.217427187858471,,"61040800040006","04","080","0006",MEMPAWAH,JONGKAT,RT 003 RW 11 DUSUN BRAHIMA,,"004","61",,,WAJOK HULU,KALIMANTAN BARAT,,,,,,2024_1,,"6104080004000600","00",,
,"616800","0",,0.19249400089794,,"61040800030009","04","080","0009",MEMPAWAH,JONGKAT,RT 004 RW 13 DUSUN JERUK,,"003","61",,,WAJOK HILIR,KALIMANTAN BARAT,,,,,,2024_1,,"6104080003000900","00",,
,"616799","0",,4.11617652796058,,"61040810050023","04","081","0023",MEMPAWAH,SEGEDONG,RT 005 RW 008 DUSUN KARYA BERSAMA,,"005","61",,,PENITI BESAR,KALIMANTAN BARAT,,,,,,2024_1,,"6104081005002300","00",,
,"616798","0",,0.827697494200818,,"61040810060016","04","081","0016",MEMPAWAH,SEGEDONG,RT 016 RW 003 DUSUN CAHAYA INTAN,,"006","61",,,PENITI DALAM II,KALIMANTAN BARAT,,,,,,2024_1,,"6104081006001600","00",,
,"616797","0",,0.534022355011717,,"61040910060003","04","091","0003",MEMPAWAH,ANJONGAN,RT 003 RW 01 DUSUN BILADO,,"006","61",,,KEPAYANG,KALIMANTAN BARAT,,,,,,2024_1,,"6104091006000300","00",,
,"616796","0",,0.034657223835989,,"61041000020007","04","100","0007",MEMPAWAH,MEMPAWAH HILIR,RT 007 RW 04 DUSUN KABO,,"002","61",,,KUALA SECAPAH,KALIMANTAN BARAT,,,,,,2024_1,,"6104100002000700","00",,
,"616795","0",,0.12900781956292,,"61041200020006","04","120","0006",MEMPAWAH,TOHO,RT 004 RW 02 DUSUN MEKAR JAYA,,"002","61",,,SAMBORA,KALIMANTAN BARAT,,,,,,2024_1,,"6104120002000600","00",,
,"616794","0",,0.317137339739391,,"61041100050009","04","110","0009",MEMPAWAH,SUNGAI KUNYIT,RT 008 RW 03 DUSUN NELAYAN,,"005","61",,,SUNGAI LIMAU,KALIMANTAN BARAT,,,,,,2024_1,,"6104110005000900","00",,
,"616793","0",,0.186460587963522,,"61041100080006","04","110","0006",MEMPAWAH,SUNGAI KUNYIT,RT 006 RW 02 DUSUN SEKIP II,,"008","61",,,SUNGAI KUNYIT HULU,KALIMANTAN BARAT,,,,,,2024_1,,"6104110008000600","00",,
,"616792","0",,0.177121460583421,,"61041000150021","04","100","0021",MEMPAWAH,MEMPAWAH HILIR,RT 21 RW 08 DUSUN MEKAR,,"015","61",,,MALIKIAN,KALIMANTAN BARAT,,,,,,2024_1,,"6104100015002100","00",,
,"616791","0",,3.90916382988781,,"61040910030007","04","091","0007",MEMPAWAH,ANJONGAN,RT 006 RW 02 DUSUN PRAMUKA,,"003","61",,,ANJUNGAN DALAM,KALIMANTAN BARAT,,,,,,2024_1,,"6104091003000700","00",,
,"616810","0",,0.150229448803916,,"61040900040009","04","090","0009",MEMPAWAH,SUNGAI PINYUH,RT 001 RW 04 DUSUN 02,,"004","61",,,NUSAPATI,KALIMANTAN BARAT,,,,,,2024_1,,"6104090004000900","00",,
,"616790","0",,0.337468944895372,,"61040900010009","04","090","0009",MEMPAWAH,SUNGAI PINYUH,RT 009 RW 05 DUSUN SWADAYA,,"001","61",,,SUNGAI PURUN KECIL,KALIMANTAN BARAT,,,,,,2024_1,,"6104090001000900","00",,
,"616789","0",,15.9397521718192,,"61040800032001","04","080","2001",MEMPAWAH,JONGKAT,HUTAN,,"003","61",,,WAJOK HILIR,KALIMANTAN BARAT,,,,,,2024_1,,"6104080003200100","00",,
,"616788","0",,0.047227416200253,,"61040900090015","04","090","0015",MEMPAWAH,SUNGAI PINYUH,RT 009 RW 002,,"009","61",,,SUNGAI PINYUH,KALIMANTAN BARAT,,,,,,2024_1,,"6104090009001500","00",,
,"616787","0",,0.429367906395491,,"61040900090003","04","090","0003",MEMPAWAH,SUNGAI PINYUH,RT 003 RW 001,,"009","61",,,SUNGAI PINYUH,KALIMANTAN BARAT,,,,,,2024_1,,"6104090009000300","00",,
,"616786","0",,0.041268030164705,,"61040800020036","04","080","0036",MEMPAWAH,JONGKAT,RT 004 RW 007 DUSUN PANGSUMA,,"002","61",,,JUNGKAT,KALIMANTAN BARAT,,,,,,2024_1,,"6104080002003600","00",,
,"616785","0",,0.180131876005554,,"61040800020035","04","080","0035",MEMPAWAH,JONGKAT,RT 003 RW 007 DUSUN PANGSUMA,,"002","61",,,JUNGKAT,KALIMANTAN BARAT,,,,,,2024_1,,"6104080002003500","00",,
,"616784","0",,0.025538813828975,,"61040800040044","04","080","0044",MEMPAWAH,JONGKAT,RT 005 RW 05 DUSUN PANDAN,,"004","61",,,WAJOK HULU,KALIMANTAN BARAT,,,,,,2024_1,,"6104080004004400","00",,
,"616783","0",,0.017459911880108,,"61040800040018","04","080","0018",MEMPAWAH,JONGKAT,RT 003 RW 06 DUSUN KUNYIT,,"004","61",,,WAJOK HULU,KALIMANTAN BARAT,,,,,,2024_1,,"6104080004001800","00",,
,"616782","0",,0.284763500503255,,"61041010060013","04","101","0013",MEMPAWAH,MEMPAWAH TIMUR,RT 013 RW 04 DUSUN PERMAI,,"006","61",,,ANTIBAR,KALIMANTAN BARAT,,,,,,2024_1,,"6104101006001300","00",,
,"616781","0",,0.037604936075039,,"61041010030001","04","101","0001",MEMPAWAH,MEMPAWAH TIMUR,RT 001 RW 01 DUSUN PASIR MANDAR,,"003","61",,,PASIR PANJANG,KALIMANTAN BARAT,,,,,,2024_1,,"6104101003000100","00",,
,"616780","0",,0.549062830662953,,"61041010010014","04","101","0014",MEMPAWAH,MEMPAWAH TIMUR,RT 014 RW 07,,"001","61",,,PASIR WAN SALIM,KALIMANTAN BARAT,,,,,,2024_1,,"6104101001001400","00",,
,"616779","0",,1.19817264702739,,"61040810050016","04","081","0016",MEMPAWAH,SEGEDONG,RT 002 RW 005 DUSUN SUKA MAJU,,"005","61",,,PENITI BESAR,KALIMANTAN BARAT,,,,,,2024_1,,"6104081005001600","00",,
,"616778","0",,0.105776931859401,,"61040900090002","04","090","0002",MEMPAWAH,SUNGAI PINYUH,RT 002 RW 001,,"009","61",,,SUNGAI PINYUH,KALIMANTAN BARAT,,,,,,2024_1,,"6104090009000200","00",,
,"616777","0",,0.825825802477783,,"61041010070004","04","101","0004",MEMPAWAH,MEMPAWAH TIMUR,RT 003 RW 02 DUSUN GALAHERANG,,"007","61",,,SEJEGI,KALIMANTAN BARAT,,,,,,2024_1,,"6104101007000400","00",,
,"616776","0",,0.118069959321221,,"61040800040050","04","080","0050",MEMPAWAH,JONGKAT,RT 001 RW 06 DUSUN PANDAN,,"004","61",,,WAJOK HULU,KALIMANTAN BARAT,,,,,,2024_1,,"6104080004005000","00",,
,"616775","0",,0.268555293972234,,"61041010010012","04","101","0012",MEMPAWAH,MEMPAWAH TIMUR,RT 012 RW 06,,"001","61",,,PASIR WAN SALIM,KALIMANTAN BARAT,,,,,,2024_1,,"6104101001001200","00",,
,"616774","0",,0.265397107798541,,"61040900110007","04","090","0007",MEMPAWAH,SUNGAI PINYUH,RT 006 RW 02 DUSUN BARAT,,"011","61",,,SUNGAI BAKAU BESAR LAUT,KALIMANTAN BARAT,,,,,,2024_1,,"6104090011000700","00",,
,"616773","0",,60.406987262615,,"61040800042002","04","080","2002",MEMPAWAH,JONGKAT,HUTAN,,"004","61",,,WAJOK HULU,KALIMANTAN BARAT,,,,,,2024_1,,"6104080004200200","00",,
,"616772","0",,0.50908408560189,,"61041010030012","04","101","0012",MEMPAWAH,MEMPAWAH TIMUR,RT 012 RW 06 DUSUN SENAMBUNG,,"003","61",,,PASIR PANJANG,KALIMANTAN BARAT,,,,,,2024_1,,"6104101003001200","00",,
,"616771","0",,0.344395139305158,,"61041010080012","04","101","0012",MEMPAWAH,MEMPAWAH TIMUR,RT 012 RW 06 DUSUN PARIT BANJAR TENGAH,,"008","61",,,PARIT BANJAR,KALIMANTAN BARAT,,,,,,2024_1,,"6104101008001200","00",,
,"616770","0",,0.835911956921885,,"61041200090003","04","120","0003",MEMPAWAH,TOHO,RT 003 RW 01 DUSUN TOHO LIAR,,"009","61",,,TOHO ILIR,KALIMANTAN BARAT,,,,,,2024_1,,"6104120009000300","00",,
,"616769","0",,1.09006778940643,,"61040810030013","04","081","0013",MEMPAWAH,SEGEDONG,RT 013 RW 05 DUSUN MAKMUR,,"003","61",,,SUNGAI PURUN BESAR,KALIMANTAN BARAT,,,,,,2024_1,,"6104081003001300","00",,
,"616768","0",,1.62156537912591,,"61040810040007","04","081","0007",MEMPAWAH,SEGEDONG,RT 007 RW 003 DUSUN ASAM,,"004","61",,,PARIT BUGIS,KALIMANTAN BARAT,,,,,,2024_1,,"6104081004000700","00",,
,"616767","0",,0.197422377409264,,"61041000080031","04","100","0031",MEMPAWAH,MEMPAWAH HILIR,RT 004 RW 14,,"008","61",,,TERUSAN,KALIMANTAN BARAT,,,,,,2024_1,,"6104100008003100","00",,
,"616766","0",,0.098626238935569,,"61041100010016","04","110","0016",MEMPAWAH,SUNGAI KUNYIT,RT 016 RW 08 DUSUN LESTARI,,"001","61",,,SEMUDUN,KALIMANTAN BARAT,,,,,,2024_1,,"6104110001001600","00",,
,"616764","0",,0.125526060357945,,"61041000080023","04","100","0023",MEMPAWAH,MEMPAWAH HILIR,RT 012 RW 10,,"008","61",,,TERUSAN,KALIMANTAN BARAT,,,,,,2024_1,,"6104100008002300","00",,
,"616801","0",,2.39669439648238,,"61040800020045","04","080","0045",MEMPAWAH,JONGKAT,RT 002 RW 017 DUSUN SULTAN MUHAMMAD,,"002","61",,,JUNGKAT,KALIMANTAN BARAT,,,,,,2024_1,,"6104080002004500","00",,
,"616763","0",,0.102726470522471,,"61040800060018","04","080","0018",MEMPAWAH,JONGKAT,RT 006 RW 02 DUSUN KARYA BHAKTI,,"006","61",,,PENITI LUAR,KALIMANTAN BARAT,,,,,,2024_1,,"6104080006001800","00",,
,"616762","0",,0.466145559676097,,"61041010050001","04","101","0001",MEMPAWAH,MEMPAWAH TIMUR,RT 001 RW 01,,"005","61",,,PULAU PEDALAMAN,KALIMANTAN BARAT,,,,,,2024_1,,"6104101005000100","00",,
,"616761","0",,0.133642233893857,,"61040800020030","04","080","0030",MEMPAWAH,JONGKAT,RT 003 RW 005 DUSUN PANGSUMA,,"002","61",,,JUNGKAT,KALIMANTAN BARAT,,,,,,2024_1,,"6104080002003000","00",,
,"616760","0",,1.23477353438665,,"61040910060008","04","091","0008",MEMPAWAH,ANJONGAN,RT 008 RW 02 DUSUN LAHUAK,,"006","61",,,KEPAYANG,KALIMANTAN BARAT,,,,,,2024_1,,"6104091006000800","00",,
,"616759","0",,0.329271014985965,,"61040910020003","04","091","0003",MEMPAWAH,ANJONGAN,RT 015 RW 01,,"002","61",,,ANJUNGAN MELANCAR,KALIMANTAN BARAT,,,,,,2024_1,,"6104091002000300","00",,
,"616758","0",,0.552088424366965,,"61040900120009","04","090","0009",MEMPAWAH,SUNGAI PINYUH,RT 009 RW 05 DUSUN HULU SUNGAI,,"012","61",,,SUNGAI BAKAU BESAR DARAT,KALIMANTAN BARAT,,,,,,2024_1,,"6104090012000900","00",,
,"616757","0",,1.43695950841224,,"61040910020021","04","091","0021",MEMPAWAH,ANJONGAN,RT 013 RW 04,,"002","61",,,ANJUNGAN MELANCAR,KALIMANTAN BARAT,,,,,,2024_1,,"6104091002002100","00",,
,"616756","0",,1.35528295966225,,"61041200090013","04","120","0013",MEMPAWAH,TOHO,RT 013 RW 04 DUSUN PROMPONG,,"009","61",,,TOHO ILIR,KALIMANTAN BARAT,,,,,,2024_1,,"6104120009001300","00",,
,"616754","0",,0.853127793404896,,"61040900050009","04","090","0009",MEMPAWAH,SUNGAI PINYUH,RT 009 RW 04 DUSUN SELATAN,,"005","61",,,GALANG,KALIMANTAN BARAT,,,,,,2024_1,,"6104090005000900","00",,
,"616753","0",,0.38275053862161,,"61040900120016","04","090","0016",MEMPAWAH,SUNGAI PINYUH,RT 016 RW 08 DUSUN PARIT H. AMIN,,"012","61",,,SUNGAI BAKAU BESAR DARAT,KALIMANTAN BARAT,,,,,,2024_1,,"6104090012001600","00",,
,"616752","0",,1.4985512290418,,"61041200070008","04","120","0008",MEMPAWAH,TOHO,RT 006 RW 03 DUSUN BALA,,"007","61",,,TERAP,KALIMANTAN BARAT,,,,,,2024_1,,"6104120007000800","00",,
,"616751","0",,1.12802792518471,,"61041200060008","04","120","0008",MEMPAWAH,TOHO,RT 007 RW 03 DUSUN SEKEK,,"006","61",,,PAK LAHENG,KALIMANTAN BARAT,,,,,,2024_1,,"6104120006000800","00",,
,"616750","0",,0.794922884228161,,"61040900050008","04","090","0008",MEMPAWAH,SUNGAI PINYUH,RT 008 RW 03 DUSUN TENGAH,,"005","61",,,GALANG,KALIMANTAN BARAT,,,,,,2024_1,,"6104090005000800","00",,
,"616749","0",,0.897524554436877,,"61040900050006","04","090","0006",MEMPAWAH,SUNGAI PINYUH,RT 013 RW 03 DUSUN TENGAH,,"005","61",,,GALANG,KALIMANTAN BARAT,,,,,,2024_1,,"6104090005000600","00",,
,"616748","0",,0.853672361237767,,"61040800010013","04","080","0013",MEMPAWAH,JONGKAT,RT 011 RW 03 DUSUN MELATI,,"001","61",,,SUNGAI NIPAH,KALIMANTAN BARAT,,,,,,2024_1,,"6104080001001300","00",,
,"616755","0",,0.097526854754852,,"61041100050002","04","110","0002",MEMPAWAH,SUNGAI KUNYIT,RT 002 RW 01 DUSUN PEMBANGUNAN,,"005","61",,,SUNGAI LIMAU,KALIMANTAN BARAT,,,,,,2024_1,,"6104110005000200","00",,
,"616747","0",,0.145470841783674,,"61041010020005","04","101","0005",MEMPAWAH,MEMPAWAH TIMUR,RT 004 RW 02 DUSUN BENTENG RAYA,,"002","61",,,SUNGAI BAKAU KECIL,KALIMANTAN BARAT,,,,,,2024_1,,"6104101002000500","00",,
,"616746","0",,1.74526657390258,,"61041010080007","04","101","0007",MEMPAWAH,MEMPAWAH TIMUR,RT 007 RW 04 DUSUN PARIT BANJAR LAUT,,"008","61",,,PARIT BANJAR,KALIMANTAN BARAT,,,,,,2024_1,,"6104101008000700","00",,
,"616745","0",,0.510309345696137,,"61040900050005","04","090","0005",MEMPAWAH,SUNGAI PINYUH,RT 005 RW 02 DUSUN HILIR,,"005","61",,,GALANG,KALIMANTAN BARAT,,,,,,2024_1,,"6104090005000500","00",,
,"616744","0",,0.343729049192221,,"61041010040014","04","101","0014",MEMPAWAH,MEMPAWAH TIMUR,RT 014 RW 06 DUSUN TEKAM BARU,,"004","61",,,PASIR PALEMBANG,KALIMANTAN BARAT,,,,,,2024_1,,"6104101004001400","00",,
,"616743","0",,0.037727897328491,,"61040900090013","04","090","0013",MEMPAWAH,SUNGAI PINYUH,RT 007 RW 002,,"009","61",,,SUNGAI PINYUH,KALIMANTAN BARAT,,,,,,2024_1,,"6104090009001300","00",,
,"616742","0",,0.035206002981219,,"61040900090033","04","090","0033",MEMPAWAH,SUNGAI PINYUH,RT 008 RW 004,,"009","61",,,SUNGAI PINYUH,KALIMANTAN BARAT,,,,,,2024_1,,"6104090009003300","00",,
,"616663","0",,0.963963823472567,,"61040810010023","04","081","0023",MEMPAWAH,SEGEDONG,RT 023 RW 006 DUSUN AMBO PINANG,,"001","61",,,PENITI DALAM I,KALIMANTAN BARAT,,,,,,2024_1,,"6104081001002300","00",,
,"616662","0",,1.51009923396949,,"61041010070013","04","101","0013",MEMPAWAH,MEMPAWAH TIMUR,RT 015 RW 04 DUSUN TEKAN,,"007","61",,,SEJEGI,KALIMANTAN BARAT,,,,,,2024_1,,"6104101007001300","00",,
,"616661","0",,0.149689916576457,,"61040800030003","04","080","0003",MEMPAWAH,JONGKAT,RT 003 RW 01 DUSUN JERUK,,"003","61",,,WAJOK HILIR,KALIMANTAN BARAT,,,,,,2024_1,,"6104080003000300","00",,
,"616660","0",,0.247594212313614,,"61041010030013","04","101","0013",MEMPAWAH,MEMPAWAH TIMUR,RT 013 RW 07 DUSUN SENAMBUNG,,"003","61",,,PASIR PANJANG,KALIMANTAN BARAT,,,,,,2024_1,,"6104101003001300","00",,
,"616659","0",,0.055047947105027,,"61040910020014","04","091","0014",MEMPAWAH,ANJONGAN,RT 006 RW 03,,"002","61",,,ANJUNGAN MELANCAR,KALIMANTAN BARAT,,,,,,2024_1,,"6104091002001400","00",,
,"616973","0",,0.111511513072595,,"61040800040003","04","080","0003",MEMPAWAH,JONGKAT,RT 005 RW 04 DUSUN BRAHIMA,,"004","61",,,WAJOK HULU,KALIMANTAN BARAT,,,,,,2024_1,,"6104080004000300","00",,
,"616972","0",,0.094215036158669,,"61040800020040","04","080","0040",MEMPAWAH,JONGKAT,RT 003 RW 008 DUSUN ALIANYANG,,"002","61",,,JUNGKAT,KALIMANTAN BARAT,,,,,,2024_1,,"6104080002004000","00",,
,"616971","0",,0.044377759675697,,"61041000080034","04","100","0034",MEMPAWAH,MEMPAWAH HILIR,RT 001 RW 15,,"008","61",,,TERUSAN,KALIMANTAN BARAT,,,,,,2024_1,,"6104100008003400","00",,
,"617003","0",,1.37530448624977,,"61040800060007","04","080","0007",MEMPAWAH,JONGKAT,RT 003 RW 02 DUSUN KARYA BHAKTI,,"006","61",,,PENITI LUAR,KALIMANTAN BARAT,,,,,,2024_1,,"6104080006000700","00",,
,"616970","0",,0.35505643764049,,"61041000120006","04","100","0006",MEMPAWAH,MEMPAWAH HILIR,RT 006 RW 02 DUSUN PASIR LAUT,,"012","61",,,PASIR,KALIMANTAN BARAT,,,,,,2024_1,,"6104100012000600","00",,
,"616969","0",,0.974931695313224,,"61041010020016","04","101","0016",MEMPAWAH,MEMPAWAH TIMUR,RT 012 RW 04 DUSUN KEDAONG,,"002","61",,,SUNGAI BAKAU KECIL,KALIMANTAN BARAT,,,,,,2024_1,,"6104101002001600","00",,
,"616968","0",,0.265020829235336,,"61041000080010","04","100","0010",MEMPAWAH,MEMPAWAH HILIR,RT 022 RW 05,,"008","61",,,TERUSAN,KALIMANTAN BARAT,,,,,,2024_1,,"6104100008001000","00",,
,"616967","0",,1.11359584816325,,"61040800030040","04","080","0040",MEMPAWAH,JONGKAT,RT 003 RW 10 DUSUN PALAWIJA,,"003","61",,,WAJOK HILIR,KALIMANTAN BARAT,,,,,,2024_1,,"6104080003004000","00",,
,"616966","0",,7.37958762715253,,"61040910060017","04","091","0017",MEMPAWAH,ANJONGAN,RT 017 RW 04 DUSUN KEPAYANG,,"006","61",,,KEPAYANG,KALIMANTAN BARAT,,,,,,2024_1,,"6104091006001700","00",,
,"616965","0",,7.26670202064168,,"61041010061001","04","101","1001",MEMPAWAH,MEMPAWAH TIMUR,KEBUN,,"006","61",,,ANTIBAR,KALIMANTAN BARAT,,,,,,2024_1,,"6104101006100100","00",,
,"616964","0",,0.008574835783929,,"61040810050004","04","081","0004",MEMPAWAH,SEGEDONG,RT 004 RW 002 DUSUN SUKA DAMAI,,"005","61",,,PENITI BESAR,KALIMANTAN BARAT,,,,,,2024_1,,"6104081005000400","00",,
,"616963","0",,1.60843285489525,,"61040810040006","04","081","0006",MEMPAWAH,SEGEDONG,RT 006 RW 003 DUSUN ASAM,,"004","61",,,PARIT BUGIS,KALIMANTAN BARAT,,,,,,2024_1,,"6104081004000600","00",,
,"616962","0",,0.144934598699218,,"61040810040003","04","081","0003",MEMPAWAH,SEGEDONG,RT 003 RW 001 DUSUN KERANJI,,"004","61",,,PARIT BUGIS,KALIMANTAN BARAT,,,,,,2024_1,,"6104081004000300","00",,
,"616961","0",,0.015415381400338,,"61041000080002","04","100","0002",MEMPAWAH,MEMPAWAH HILIR,RT 036 RW 01,,"008","61",,,TERUSAN,KALIMANTAN BARAT,,,,,,2024_1,,"6104100008000200","00",,
,"616960","0",,0.014566839438916,,"61041000080001","04","100","0001",MEMPAWAH,MEMPAWAH HILIR,RT 037 RW 01,,"008","61",,,TERUSAN,KALIMANTAN BARAT,,,,,,2024_1,,"6104100008000100","00",,
,"616959","0",,1.06142545989731,,"61040810010005","04","081","0005",MEMPAWAH,SEGEDONG,RT 005 RW 002 DUSUN SY. ABU BAKAR,,"001","61",,,PENITI DALAM I,KALIMANTAN BARAT,,,,,,2024_1,,"6104081001000500","00",,
,"616958","0",,0.083436879407554,,"61041010070001","04","101","0001",MEMPAWAH,MEMPAWAH TIMUR,RT 001 RW 01 DUSUN GALAHERANG,,"007","61",,,SEJEGI,KALIMANTAN BARAT,,,,,,2024_1,,"6104101007000100","00",,
,"616957","0",,2.2107105436889,,"61040810010002","04","081","0002",MEMPAWAH,SEGEDONG,RT 002 RW 001 DUSUN SY. ABU BAKAR,,"001","61",,,PENITI DALAM I,KALIMANTAN BARAT,,,,,,2024_1,,"6104081001000200","00",,
,"616956","0",,0.394665949974555,,"61041010020007","04","101","0007",MEMPAWAH,MEMPAWAH TIMUR,RT 005 RW 02 DUSUN BENTENG RAYA,,"002","61",,,SUNGAI BAKAU KECIL,KALIMANTAN BARAT,,,,,,2024_1,,"6104101002000700","00",,
,"616954","0",,2.85687343850953,,"61041000120022","04","100","0022",MEMPAWAH,MEMPAWAH HILIR,RT 031 RW 07 DUSUN SEBUKIT RAMA,,"012","61",,,PASIR,KALIMANTAN BARAT,,,,,,2024_1,,"6104100012002200","00",,
,"616658","0",,1.51627670211809,,"61041200040007","04","120","0007",MEMPAWAH,TOHO,RT 007 RW 03 DUSUN 002,,"004","61",,,PAK UTAN,KALIMANTAN BARAT,,,,,,2024_1,,"6104120004000700","00",,
,"616657","0",,1.31974076357008,,"61041010020019","04","101","0019",MEMPAWAH,MEMPAWAH TIMUR,RT 033 RW 04 DUSUN KEDAONG,,"002","61",,,SUNGAI BAKAU KECIL,KALIMANTAN BARAT,,,,,,2024_1,,"6104101002001900","00",,
,"616656","0",,0.081889862390489,,"61041000070013","04","100","0013",MEMPAWAH,MEMPAWAH HILIR,RT 013 RW 05,,"007","61",,,TENGAH,KALIMANTAN BARAT,,,,,,2024_1,,"6104100007001300","00",,
,"616655","0",,0.317279575406165,,"61041010020031","04","101","0031",MEMPAWAH,MEMPAWAH TIMUR,RT 026 RW 07 DUSUN BENTENG TIMUR,,"002","61",,,SUNGAI BAKAU KECIL,KALIMANTAN BARAT,,,,,,2024_1,,"6104101002003100","00",,
,"616654","0",,0.9487520928599,,"61040810060008","04","081","0008",MEMPAWAH,SEGEDONG,RT 005 RW 002 DUSUN KARYA UTAMA,,"006","61",,,PENITI DALAM II,KALIMANTAN BARAT,,,,,,2024_1,,"6104081006000800","00",,
,"616653","0",,0.079092751677806,,"61040800020059","04","080","0059",MEMPAWAH,JONGKAT,RT 002 RW 15 DUSUN RAHADI USMAN,,"002","61",,,JUNGKAT,KALIMANTAN BARAT,,,,,,2024_1,,"6104080002005900","00",,
,"616652","0",,0.05620621740068,,"61041010060002","04","101","0002",MEMPAWAH,MEMPAWAH TIMUR,RT 002 RW 01 DUSUN MAKMUR,,"006","61",,,ANTIBAR,KALIMANTAN BARAT,,,,,,2024_1,,"6104101006000200","00",,
,"616651","0",,0.342248000164554,,"61041010060001","04","101","0001",MEMPAWAH,MEMPAWAH TIMUR,RT 001 RW 01 DUSUN MAKMUR,,"006","61",,,ANTIBAR,KALIMANTAN BARAT,,,,,,2024_1,,"6104101006000100","00",,
,"616650","0",,0.123517341812023,,"61040810050008","04","081","0008",MEMPAWAH,SEGEDONG,RT 008 RW 015 DUSUN SUKA DAMAI,,"005","61",,,PENITI BESAR,KALIMANTAN BARAT,,,,,,2024_1,,"6104081005000800","00",,
,"616649","0",,0.82060394295735,,"61040800030013","04","080","0013",MEMPAWAH,JONGKAT,RT 002 RW 11 DUSUN NANAS,,"003","61",,,WAJOK HILIR,KALIMANTAN BARAT,,,,,,2024_1,,"6104080003001300","00",,
,"616648","0",,0.140159497455347,,"61041000080011","04","100","0011",MEMPAWAH,MEMPAWAH HILIR,RT 033 RW 05,,"008","61",,,TERUSAN,KALIMANTAN BARAT,,,,,,2024_1,,"6104100008001100","00",,
,"616647","0",,0.448765128850187,,"61040900110004","04","090","0004",MEMPAWAH,SUNGAI PINYUH,RT 012 RW 01 DUSUN BARAT,,"011","61",,,SUNGAI BAKAU BESAR LAUT,KALIMANTAN BARAT,,,,,,2024_1,,"6104090011000400","00",,
,"616646","0",,0.093069960316066,,"61040900110006","04","090","0006",MEMPAWAH,SUNGAI PINYUH,RT 005 RW 02 DUSUN BARAT,,"011","61",,,SUNGAI BAKAU BESAR LAUT,KALIMANTAN BARAT,,,,,,2024_1,,"6104090011000600","00",,
,"616645","0",,0.015632927981655,,"61041000070015","04","100","0015",MEMPAWAH,MEMPAWAH HILIR,RT 015 RW 06,,"007","61",,,TENGAH,KALIMANTAN BARAT,,,,,,2024_1,,"6104100007001500","00",,
,"616644","0",,0.053740326994674,,"61041010010006","04","101","0006",MEMPAWAH,MEMPAWAH TIMUR,RT 006 RW 03,,"001","61",,,PASIR WAN SALIM,KALIMANTAN BARAT,,,,,,2024_1,,"6104101001000600","00",,
,"616643","0",,0.090617170466572,,"61041000070012","04","100","0012",MEMPAWAH,MEMPAWAH HILIR,RT 012 RW 04,,"007","61",,,TENGAH,KALIMANTAN BARAT,,,,,,2024_1,,"6104100007001200","00",,
,"616639","0",,0.146584906974456,,"61041100060006","04","110","0006",MEMPAWAH,SUNGAI KUNYIT,RT 003 RW 02 DUSUN TENANG,,"006","61",,,SUNGAI KUNYIT LAUT,KALIMANTAN BARAT,,,,,,2024_1,,"6104110006000600","00",,
,"616638","0",,0.277875788108046,,"61040800030008","04","080","0008",MEMPAWAH,JONGKAT,RT 003 RW 13 DUSUN JERUK,,"003","61",,,WAJOK HILIR,KALIMANTAN BARAT,,,,,,2024_1,,"6104080003000800","00",,
,"616637","0",,0.067955054528502,,"61040810010014","04","081","0014",MEMPAWAH,SEGEDONG,RT 014 RW 004 DUSUN WAK PAIK,,"001","61",,,PENITI DALAM I,KALIMANTAN BARAT,,,,,,2024_1,,"6104081001001400","00",,
,"616635","0",,0.431147992708047,,"61041100040006","04","110","0006",MEMPAWAH,SUNGAI KUNYIT,RT 006 RW 03 DUSUN SATRYA,,"004","61",,,SUNGAI DUNGUN,KALIMANTAN BARAT,,,,,,2024_1,,"6104110004000600","00",,
,"616634","0",,0.373032917855276,,"61041100030006","04","110","0006",MEMPAWAH,SUNGAI KUNYIT,RT 006 RW 02 DUSUN DURIAN,,"003","61",,,MENDALOK,KALIMANTAN BARAT,,,,,,2024_1,,"6104110003000600","00",,
,"616633","0",,1.31161974698745,,"61041100020008","04","110","0008",MEMPAWAH,SUNGAI KUNYIT,RT 007 RW 03 DUSUN PELANGKIRAN,,"002","61",,,SEMPARONG PARIT RADEN,KALIMANTAN BARAT,,,,,,2024_1,,"6104110002000800","00",,
,"616632","0",,0.427184619151124,,"61040810010010","04","081","0010",MEMPAWAH,SEGEDONG,RT 010 RW 003 DUSUN WAK PAIK,,"001","61",,,PENITI DALAM I,KALIMANTAN BARAT,,,,,,2024_1,,"6104081001001000","00",,
,"616631","0",,0.993439588520514,,"61041000070022","04","100","0022",MEMPAWAH,MEMPAWAH HILIR,RT 021 RW 07,,"007","61",,,TENGAH,KALIMANTAN BARAT,,,,,,2024_1,,"6104100007002200","00",,
,"616630","0",,0.551857706036815,,"61040810050006","04","081","0006",MEMPAWAH,SEGEDONG,RT 006 RW 002 DUSUN SUKA DAMAI,,"005","61",,,PENITI BESAR,KALIMANTAN BARAT,,,,,,2024_1,,"6104081005000600","00",,
,"616641","0",,0.57347293285407,,"61041100120006","04","110","0006",MEMPAWAH,SUNGAI KUNYIT,RT 006 RW 02 DUSUN TARUNA,,"012","61",,,SUNGAI DURI II,KALIMANTAN BARAT,,,,,,2024_1,,"6104110012000600","00",,
,"616629","0",,0.067089241707007,,"61041010020013","04","101","0013",MEMPAWAH,MEMPAWAH TIMUR,RT 010 RW 03 DUSUN SEPAKAT TENGAH,,"002","61",,,SUNGAI BAKAU KECIL,KALIMANTAN BARAT,,,,,,2024_1,,"6104101002001300","00",,
,"616628","0",,0.300921033260342,,"61041100030008","04","110","0008",MEMPAWAH,SUNGAI KUNYIT,RT 008 RW 02 DUSUN DURIAN,,"003","61",,,MENDALOK,KALIMANTAN BARAT,,,,,,2024_1,,"6104110003000800","00",,
,"616627","0",,0.431400654116218,,"61041100020007","04","110","0007",MEMPAWAH,SUNGAI KUNYIT,RT 006 RW 03 DUSUN PELANGKIRAN,,"002","61",,,SEMPARONG PARIT RADEN,KALIMANTAN BARAT,,,,,,2024_1,,"6104110002000700","00",,
,"616626","0",,0.239365292134385,,"61041100030007","04","110","0007",MEMPAWAH,SUNGAI KUNYIT,RT 007 RW 02 DUSUN DURIAN,,"003","61",,,MENDALOK,KALIMANTAN BARAT,,,,,,2024_1,,"6104110003000700","00",,
,"616636","0",,0.368399567123918,,"61041000120005","04","100","0005",MEMPAWAH,MEMPAWAH HILIR,RT 005 RW 02 DUSUN PASIR LSUT,,"012","61",,,PASIR,KALIMANTAN BARAT,,,,,,2024_1,,"6104100012000500","00",,
,"616625","0",,2.18251230776148,,"61041200090002","04","120","0002",MEMPAWAH,TOHO,RT 002 RW 01 DUSUN TOHO LIAR,,"009","61",,,TOHO ILIR,KALIMANTAN BARAT,,,,,,2024_1,,"6104120009000200","00",,
,"616624","0",,0.850779797596797,,"61041100040008","04","110","0008",MEMPAWAH,SUNGAI KUNYIT,RT 008 RW 03 DUSUN SATRYA,,"004","61",,,SUNGAI DUNGUN,KALIMANTAN BARAT,,,,,,2024_1,,"6104110004000800","00",,
,"616623","0",,0.80057190927344,,"61041200060009","04","120","0009",MEMPAWAH,TOHO,RT 008 RW 03 DUSUN SEKEK,,"006","61",,,PAK LAHENG,KALIMANTAN BARAT,,,,,,2024_1,,"6104120006000900","00",,
,"616622","0",,0.019605522009368,,"61041000070011","04","100","0011",MEMPAWAH,MEMPAWAH HILIR,RT 011 RW 04,,"007","61",,,TENGAH,KALIMANTAN BARAT,,,,,,2024_1,,"6104100007001100","00",,
,"616621","0",,0.42704021283483,,"61041000120019","04","100","0019",MEMPAWAH,MEMPAWAH HILIR,RT 016 RW 06 DUSUN SUAP,,"012","61",,,PASIR,KALIMANTAN BARAT,,,,,,2024_1,,"6104100012001900","00",,
,"616619","0",,1.07766687654587,,"61040900080005","04","090","0005",MEMPAWAH,SUNGAI PINYUH,RT 005 RW 02 DUSUN BARAT,,"008","61",,,SUNGAI RASAU,KALIMANTAN BARAT,,,,,,2024_1,,"6104090008000500","00",,
,"616640","0",,0.057485443822801,,"61041100120009","04","110","0009",MEMPAWAH,SUNGAI KUNYIT,RT 009 RW 02 DUSUN TARUNA,,"012","61",,,SUNGAI DURI II,KALIMANTAN BARAT,,,,,,2024_1,,"6104110012000900","00",,
,"616616","0",,0.858999629710657,,"61040900120013","04","090","0013",MEMPAWAH,SUNGAI PINYUH,RT 013 RW 07 DUSUN PARIT H. AMIN,,"012","61",,,SUNGAI BAKAU BESAR DARAT,KALIMANTAN BARAT,,,,,,2024_1,,"6104090012001300","00",,
,"616615","0",,1.73986071849852,,"61040810050028","04","081","0028",MEMPAWAH,SEGEDONG,RT 001 RW 011 DUSUN KARYA UTAMA,,"005","61",,,PENITI BESAR,KALIMANTAN BARAT,,,,,,2024_1,,"6104081005002800","00",,
,"616613","0",,11.4268670464388,,"61040900081001","04","090","1001",MEMPAWAH,SUNGAI PINYUH,KEBUN SAWIT,,"008","61",,,SUNGAI RASAU,KALIMANTAN BARAT,,,,,,2024_1,,"6104090008100100","00",,
,"616612","0",,1.21485079089028,,"61040900080003","04","090","0003",MEMPAWAH,SUNGAI PINYUH,RT 003 RW 02 DUSUN TIMUR,,"008","61",,,SUNGAI RASAU,KALIMANTAN BARAT,,,,,,2024_1,,"6104090008000300","00",,
,"616618","0",,0.126774845480395,,"61040910060006","04","091","0006",MEMPAWAH,ANJONGAN,RT 006 RW 02 DUSUN LAHUAK,,"006","61",,,KEPAYANG,KALIMANTAN BARAT,,,,,,2024_1,,"6104091006000600","00",,
,"616611","0",,0.534045539334291,,"61040810050024","04","081","0024",MEMPAWAH,SEGEDONG,RT 001 RW 009 DUSUN TANI MAKMUR,,"005","61",,,PENITI BESAR,KALIMANTAN BARAT,,,,,,2024_1,,"6104081005002400","00",,
,"616610","0",,0.081813332282802,,"61040900090007","04","090","0007",MEMPAWAH,SUNGAI PINYUH,RT 001 RW 002,,"009","61",,,SUNGAI PINYUH,KALIMANTAN BARAT,,,,,,2024_1,,"6104090009000700","00",,
,"616609","0",,0.04716985135632,,"61040900090006","04","090","0006",MEMPAWAH,SUNGAI PINYUH,RT 006 RW 001,,"009","61",,,SUNGAI PINYUH,KALIMANTAN BARAT,,,,,,2024_1,,"6104090009000600","00",,
,"616608","0",,0.36766935787123,,"61041100040003","04","110","0003",MEMPAWAH,SUNGAI KUNYIT,RT 003 RW 02 DUSUN DUTA,,"004","61",,,SUNGAI DUNGUN,KALIMANTAN BARAT,,,,,,2024_1,,"6104110004000300","00",,
,"616614","0",,0.036403582042404,,"61040800020069","04","080","0069",MEMPAWAH,JONGKAT,RT 006 RW 012 DUSUN PANGERAN ADIPATI,,"002","61",,,JUNGKAT,KALIMANTAN BARAT,,,,,,2024_1,,"6104080002006900","00",,
,"616606","0",,0.372582218541375,,"61040900090039","04","090","0039",MEMPAWAH,SUNGAI PINYUH,RT 006 RW 005,,"009","61",,,SUNGAI PINYUH,KALIMANTAN BARAT,,,,,,2024_1,,"6104090009003900","00",,
,"616605","0",,0.050083524108581,,"61040900090037","04","090","0037",MEMPAWAH,SUNGAI PINYUH,RT 004 RW 005,,"009","61",,,SUNGAI PINYUH,KALIMANTAN BARAT,,,,,,2024_1,,"6104090009003700","00",,
,"616604","0",,0.580995693774523,,"61040900120004","04","090","0004",MEMPAWAH,SUNGAI PINYUH,RT 004 RW 02 DUSUN PARIT KURUS,,"012","61",,,SUNGAI BAKAU BESAR DARAT,KALIMANTAN BARAT,,,,,,2024_1,,"6104090012000400","00",,
,"616603","0",,0.069611177837174,,"61041010070007","04","101","0007",MEMPAWAH,MEMPAWAH TIMUR,RT 005 RW 03 DUSUN GALAHERANG,,"007","61",,,SEJEGI,KALIMANTAN BARAT,,,,,,2024_1,,"6104101007000700","00",,
,"616602","0",,0.363730402656415,,"61041010060026","04","101","0026",MEMPAWAH,MEMPAWAH TIMUR,RT 026 RW 08 DUSUN TARUNA OPU,,"006","61",,,ANTIBAR,KALIMANTAN BARAT,,,,,,2024_1,,"6104101006002600","00",,
,"616601","0",,0.019784783200004,,"61040910020013","04","091","0013",MEMPAWAH,ANJONGAN,RT 005 RW 02,,"002","61",,,ANJUNGAN MELANCAR,KALIMANTAN BARAT,,,,,,2024_1,,"6104091002001300","00",,
,"616600","0",,0.098974702752987,,"61040910030011","04","091","0011",MEMPAWAH,ANJONGAN,RT 010 RW 02 DUSUN PRAMUKA,,"003","61",,,ANJUNGAN DALAM,KALIMANTAN BARAT,,,,,,2024_1,,"6104091003001100","00",,
,"616599","0",,2.65183638360716,,"61040910050004","04","091","0004",MEMPAWAH,ANJONGAN,RT 011 RW 01 DUSUN BAGURUH,,"005","61",,,DEMA,KALIMANTAN BARAT,,,,,,2024_1,,"6104091005000400","00",,
,"616598","0",,2.71655547007316,,"61041200062001","04","120","2001",MEMPAWAH,TOHO,HUTAN PAK LAHENG,,"006","61",,,PAK LAHENG,KALIMANTAN BARAT,,,,,,2024_1,,"6104120006200100","00",,
,"616595","0",,0.592628376400528,,"61040800020063","04","080","0063",MEMPAWAH,JONGKAT,RT 001 RW 20 DUSUN RADEN WIJAYA,,"002","61",,,JUNGKAT,KALIMANTAN BARAT,,,,,,2024_1,,"6104080002006300","00",,
,"616594","0",,0.160285446733163,,"61040800010014","04","080","0014",MEMPAWAH,JONGKAT,RT 012 RW 03 DUSUN MELATI,,"001","61",,,SUNGAI NIPAH,KALIMANTAN BARAT,,,,,,2024_1,,"6104080001001400","00",,
,"616593","0",,1.59980399726002,,"61040800060012","04","080","0012",MEMPAWAH,JONGKAT,RT 003 RW 03 DUSUN PANCA BHAKTI,,"006","61",,,PENITI LUAR,KALIMANTAN BARAT,,,,,,2024_1,,"6104080006001200","00",,
,"616617","0",,0.137224319055165,,"61040910060007","04","091","0007",MEMPAWAH,ANJONGAN,RT 007 RW 02 DUSUN LAHUAK,,"006","61",,,KEPAYANG,KALIMANTAN BARAT,,,,,,2024_1,,"6104091006000700","00",,
,"616592","0",,0.135956387169723,,"61040810060012","04","081","0012",MEMPAWAH,SEGEDONG,RT 011 RW 008 DUSUN CAHAYA INTAN,,"006","61",,,PENITI DALAM II,KALIMANTAN BARAT,,,,,,2024_1,,"6104081006001200","00",,
,"616591","0",,0.999660071186705,,"61041000120017","04","100","0017",MEMPAWAH,MEMPAWAH HILIR,RT 014 RW 05 DUSUN SUAP,,"012","61",,,PASIR,KALIMANTAN BARAT,,,,,,2024_1,,"6104100012001700","00",,
,"616590","0",,0.454261560917792,,"61040810010019","04","081","0019",MEMPAWAH,SEGEDONG,RT 019 RW 005 DUSUN AMBO PINANG,,"001","61",,,PENITI DALAM I,KALIMANTAN BARAT,,,,,,2024_1,,"6104081001001900","00",,
,"616589","0",,0.434628993079844,,"61041000020010","04","100","0010",MEMPAWAH,MEMPAWAH HILIR,RT 010 RW 05 DUSUN KARYA,,"002","61",,,KUALA SECAPAH,KALIMANTAN BARAT,,,,,,2024_1,,"6104100002001000","00",,
,"616597","0",,0.049052853337303,,"61041000130009","04","100","0009",MEMPAWAH,MEMPAWAH HILIR,RT 09 RW 04 DUSUN DEWA SUHAR MANIK,,"013","61",,,PENIBUNG,KALIMANTAN BARAT,,,,,,2024_1,,"6104100013000900","00",,
,"616588","0",,0.043450585168083,,"61040900090041","04","090","0041",MEMPAWAH,SUNGAI PINYUH,RT 008 RW 005,,"009","61",,,SUNGAI PINYUH,KALIMANTAN BARAT,,,,,,2024_1,,"6104090009004100","00",,
,"616587","0",,1.42365123597592,,"61040800060015","04","080","0015",MEMPAWAH,JONGKAT,RT 002 RW 04 DUSUN TARUNA BHAKTI,,"006","61",,,PENITI LUAR,KALIMANTAN BARAT,,,,,,2024_1,,"6104080006001500","00",,
,"616586","0",,0.331745265205831,,"61041000080019","04","100","0019",MEMPAWAH,MEMPAWAH HILIR,RT 016 RW 08,,"008","61",,,TERUSAN,KALIMANTAN BARAT,,,,,,2024_1,,"6104100008001900","00",,
,"616585","0",,0.159118372287388,,"61041200020001","04","120","0001",MEMPAWAH,TOHO,RT 001 RW 01 DUSUN MEKAR JAYA,,"002","61",,,SAMBORA,KALIMANTAN BARAT,,,,,,2024_1,,"6104120002000100","00",,
,"616584","0",,0.353682652637499,,"61041010030008","04","101","0008",MEMPAWAH,MEMPAWAH TIMUR,RT 008 RW 04 DUSUN PEMATANG PASIR,,"003","61",,,PASIR PANJANG,KALIMANTAN BARAT,,,,,,2024_1,,"6104101003000800","00",,
,"616580","0",,0.854511291547221,,"61041000120007","04","100","0007",MEMPAWAH,MEMPAWAH HILIR,RT 007 RW 02 DUSUN PASIR LAUT,,"012","61",,,PASIR,KALIMANTAN BARAT,,,,,,2024_1,,"6104100012000700","00",,
,"616579","0",,1.09036007948762,,"61041100010012","04","110","0012",MEMPAWAH,SUNGAI KUNYIT,RT 012 RW 06 DUSUN SEJAHTERA,,"001","61",,,SEMUDUN,KALIMANTAN BARAT,,,,,,2024_1,,"6104110001001200","00",,
,"616578","0",,0.038608171961942,,"61041010050003","04","101","0003",MEMPAWAH,MEMPAWAH TIMUR,RT 003 RW 02,,"005","61",,,PULAU PEDALAMAN,KALIMANTAN BARAT,,,,,,2024_1,,"6104101005000300","00",,
,"616577","0",,0.453066572678444,,"61041200020015","04","120","0015",MEMPAWAH,TOHO,RT 012 RW 04 DUSUN TUNAS JAYA,,"002","61",,,SAMBORA,KALIMANTAN BARAT,,,,,,2024_1,,"6104120002001500","00",,
,"616575","0",,2.08827211822283,,"61041010070014","04","101","0014",MEMPAWAH,MEMPAWAH TIMUR,RT 009 RW 05 DUSUN TEKAM,,"007","61",,,SEJEGI,KALIMANTAN BARAT,,,,,,2024_1,,"6104101007001400","00",,
,"616574","0",,1.43934528211384,,"61040800020067","04","080","0067",MEMPAWAH,JONGKAT,RT 001 RW 22 DUSUN RADEN WIJAYA,,"002","61",,,JUNGKAT,KALIMANTAN BARAT,,,,,,2024_1,,"6104080002006700","00",,
,"616573","0",,0.029290504188238,,"61040800020023","04","080","0023",MEMPAWAH,JONGKAT,RT 001 RW 013 DUSUN SULTAN ABDURRAHMAN,,"002","61",,,JUNGKAT,KALIMANTAN BARAT,,,,,,2024_1,,"6104080002002300","00",,
,"616572","0",,1.13957805384694,,"61041000010001","04","100","0001",MEMPAWAH,MEMPAWAH HILIR,RT 01 RW 01,,"001","61",,,TANJUNG,KALIMANTAN BARAT,,,,,,2024_1,,"6104100001000100","00",,
,"616583","0",,0.132746428698185,,"61041010030007","04","101","0007",MEMPAWAH,MEMPAWAH TIMUR,RT 007 RW 04 DUSUN PEMATANG PASIR,,"003","61",,,PASIR PANJANG,KALIMANTAN BARAT,,,,,,2024_1,,"6104101003000700","00",,
,"616571","0",,0.414338238801469,,"61041000130012","04","100","0012",MEMPAWAH,MEMPAWAH HILIR,RT 12 RW 05 DUSUN DEWA SUHAR MANIK,,"013","61",,,PENIBUNG,KALIMANTAN BARAT,,,,,,2024_1,,"6104100013001200","00",,
,"616570","0",,0.204667520121612,,"61040800060019","04","080","0019",MEMPAWAH,JONGKAT,RT 007 RW 02 DUSUN KARYA BHAKTI,,"006","61",,,PENITI LUAR,KALIMANTAN BARAT,,,,,,2024_1,,"6104080006001900","00",,
,"616569","0",,3.37967068359184,,"61040800060006","04","080","0006",MEMPAWAH,JONGKAT,RT 002 RW 02 DUSUN KARYA BHAKTI,,"006","61",,,PENITI LUAR,KALIMANTAN BARAT,,,,,,2024_1,,"6104080006000600","00",,
,"616568","0",,0.301949761607585,,"61041000120031","04","100","0031",MEMPAWAH,MEMPAWAH HILIR,RT 025 RW 10 DUSUN PARIT SERIBU,,"012","61",,,PASIR,KALIMANTAN BARAT,,,,,,2024_1,,"6104100012003100","00",,
,"616567","0",,0.070468048355876,,"61041200020007","04","120","0007",MEMPAWAH,TOHO,RT 005 RW 02 DUSUN MEKAR JAYA,,"002","61",,,SAMBORA,KALIMANTAN BARAT,,,,,,2024_1,,"6104120002000700","00",,
,"616566","0",,0.085507236613448,,"61041200020003","04","120","0003",MEMPAWAH,TOHO,RT 003 RW 01 DUSUN MEKAR JAYA,,"002","61",,,SAMBORA,KALIMANTAN BARAT,,,,,,2024_1,,"6104120002000300","00",,
,"616565","0",,0.048206523619619,,"61041000080027","04","100","0027",MEMPAWAH,MEMPAWAH HILIR,RT 008 RW 12,,"008","61",,,TERUSAN,KALIMANTAN BARAT,,,,,,2024_1,,"6104100008002700","00",,
,"616564","0",,0.117398632434353,,"61041100030011","04","110","0011",MEMPAWAH,SUNGAI KUNYIT,RT 011 RW 03 DUSUN TELAGA PUTIH,,"003","61",,,MENDALOK,KALIMANTAN BARAT,,,,,,2024_1,,"6104110003001100","00",,
,"616563","0",,0.913235004953641,,"61041000070001","04","100","0001",MEMPAWAH,MEMPAWAH HILIR,RT 001 RW 01,,"007","61",,,TENGAH,KALIMANTAN BARAT,,,,,,2024_1,,"6104100007000100","00",,
,"616562","0",,0.618043326979843,,"61040810050018","04","081","0018",MEMPAWAH,SEGEDONG,RT 004 RW 006 DUSUN SUKA MAJU,,"005","61",,,PENITI BESAR,KALIMANTAN BARAT,,,,,,2024_1,,"6104081005001800","00",,
,"616561","0",,0.105115538364546,,"61040800040033","04","080","0033",MEMPAWAH,JONGKAT,RT 004 RW 02 DUSUN LAPAN,,"004","61",,,WAJOK HULU,KALIMANTAN BARAT,,,,,,2024_1,,"6104080004003300","00",,
,"616560","0",,0.249436301407589,,"61041010050004","04","101","0004",MEMPAWAH,MEMPAWAH TIMUR,RT 004 RW 02,,"005","61",,,PULAU PEDALAMAN,KALIMANTAN BARAT,,,,,,2024_1,,"6104101005000400","00",,
,"616559","0",,0.042963221085144,,"61041010070008","04","101","0008",MEMPAWAH,MEMPAWAH TIMUR,RT 017 RW 03 DUSUN GALAHERANG,,"007","61",,,SEJEGI,KALIMANTAN BARAT,,,,,,2024_1,,"6104101007000800","00",,
,"616558","0",,0.079634407315287,,"61040900010019","04","090","0019",MEMPAWAH,SUNGAI PINYUH,RT 019 RW 010 DUSUN BAHAGIAH,,"001","61",,,SUNGAI PURUN KECIL,KALIMANTAN BARAT,,,,,,2024_1,,"6104090001001900","00",,
,"616557","0",,0.679606769223115,,"61041010080014","04","101","0014",MEMPAWAH,MEMPAWAH TIMUR,RT 014 RW 07 DUSUN PARIT BANJAR DARAT,,"008","61",,,PARIT BANJAR,KALIMANTAN BARAT,,,,,,2024_1,,"6104101008001400","00",,
,"616556","0",,0.069951425810418,,"61040810030005","04","081","0005",MEMPAWAH,SEGEDONG,RT 005 RW 02 DUSUN NELAYAN,,"003","61",,,SUNGAI PURUN BESAR,KALIMANTAN BARAT,,,,,,2024_1,,"6104081003000500","00",,
,"616555","0",,0.019729747329713,,"61041000070009","04","100","0009",MEMPAWAH,MEMPAWAH HILIR,RT 009 RW 04,,"007","61",,,TENGAH,KALIMANTAN BARAT,,,,,,2024_1,,"6104100007000900","00",,
,"616554","0",,1.94602030222521,,"61041000120026","04","100","0026",MEMPAWAH,MEMPAWAH HILIR,RT 033 RW 08 DUSUN SEBUKIT RAMA,,"012","61",,,PASIR,KALIMANTAN BARAT,,,,,,2024_1,,"6104100012002600","00",,
,"616553","0",,0.960255941510309,,"61041000080006","04","100","0006",MEMPAWAH,MEMPAWAH HILIR,RT 027 RW 02,,"008","61",,,TERUSAN,KALIMANTAN BARAT,,,,,,2024_1,,"6104100008000600","00",,
,"616548","0",,0.903310291368422,,"61041200070005","04","120","0005",MEMPAWAH,TOHO,RT 004 RW 02 DUSUN TERAP,,"007","61",,,TERAP,KALIMANTAN BARAT,,,,,,2024_1,,"6104120007000500","00",,
,"616547","0",,0.117371604290027,,"61040810030004","04","081","0004",MEMPAWAH,SEGEDONG,RT 004 RW 02 DUSUN NELAYAN,,"003","61",,,SUNGAI PURUN BESAR,KALIMANTAN BARAT,,,,,,2024_1,,"6104081003000400","00",,
,"616546","0",,0.133902621272487,,"61040900090021","04","090","0021",MEMPAWAH,SUNGAI PINYUH,RT 004 RW 003,,"009","61",,,SUNGAI PINYUH,KALIMANTAN BARAT,,,,,,2024_1,,"6104090009002100","00",,
,"616545","0",,0.077507175546617,,"61040900090022","04","090","0022",MEMPAWAH,SUNGAI PINYUH,RT 005 RW 003,,"009","61",,,SUNGAI PINYUH,KALIMANTAN BARAT,,,,,,2024_1,,"6104090009002200","00",,
,"616544","0",,0.98461382341607,,"61040800040007","04","080","0007",MEMPAWAH,JONGKAT,RT 001 RW 07 DUSUN DURIAN,,"004","61",,,WAJOK HULU,KALIMANTAN BARAT,,,,,,2024_1,,"6104080004000700","00",,
,"616543","0",,0.105491417125855,,"61040900090024","04","090","0024",MEMPAWAH,SUNGAI PINYUH,RT 007 RW 003,,"009","61",,,SUNGAI PINYUH,KALIMANTAN BARAT,,,,,,2024_1,,"6104090009002400","00",,
,"616542","0",,0.083112052187019,,"61040800040068","04","080","0068",MEMPAWAH,JONGKAT,RT 006 RW 02 DUSUN LAPAN,,"004","61",,,WAJOK HULU,KALIMANTAN BARAT,,,,,,2024_1,,"6104080004006800","00",,
,"616541","0",,3.89065915700468,,"61040910060016","04","091","0016",MEMPAWAH,ANJONGAN,RT 016 RW 04 DUSUN KEPAYANG,,"006","61",,,KEPAYANG,KALIMANTAN BARAT,,,,,,2024_1,,"6104091006001600","00",,
,"616582","0",,0.09699954528554,,"61041010030006","04","101","0006",MEMPAWAH,MEMPAWAH TIMUR,RT 006 RW 03 DUSUN PEMATANG PASIR,,"003","61",,,PASIR PANJANG,KALIMANTAN BARAT,,,,,,2024_1,,"6104101003000600","00",,
,"616552","0",,0.005783874167604,,"61041000080028","04","100","0028",MEMPAWAH,MEMPAWAH HILIR,RT 007 RW 12,,"008","61",,,TERUSAN,KALIMANTAN BARAT,,,,,,2024_1,,"6104100008002800","00",,
,"616551","0",,0.067256695634778,,"61041000130010","04","100","0010",MEMPAWAH,MEMPAWAH HILIR,RT 10 RW 04 DUSUN DEWA SUHAR MANIK,,"013","61",,,PENIBUNG,KALIMANTAN BARAT,,,,,,2024_1,,"6104100013001000","00",,
,"616550","0",,0.434127511767215,,"61041000120021","04","100","0021",MEMPAWAH,MEMPAWAH HILIR,RT 018 RW 07 DUSUN SEBUKIT RAMA,,"012","61",,,PASIR,KALIMANTAN BARAT,,,,,,2024_1,,"6104100012002100","00",,
,"616540","0",,0.005913868469032,,"61040900090026","04","090","0026",MEMPAWAH,SUNGAI PINYUH,RT 001 RW 004,,"009","61",,,SUNGAI PINYUH,KALIMANTAN BARAT,,,,,,2024_1,,"6104090009002600","00",,
,"616539","0",,1.35076465667065,,"61041200070004","04","120","0004",MEMPAWAH,TOHO,RT 003 RW 02 DUSUN TERAP,,"007","61",,,TERAP,KALIMANTAN BARAT,,,,,,2024_1,,"6104120007000400","00",,
,"616596","0",,0.701167564528452,,"61040800020066","04","080","0066",MEMPAWAH,JONGKAT,RT 002 RW 21 DUSUN RADEN WIJAYA,,"002","61",,,JUNGKAT,KALIMANTAN BARAT,,,,,,2024_1,,"6104080002006600","00",,
,"616538","0",,0.049402998467698,,"61041010020006","04","101","0006",MEMPAWAH,MEMPAWAH TIMUR,RT 031 RW 02 DUSUN BENTENG RAYA,,"002","61",,,SUNGAI BAKAU KECIL,KALIMANTAN BARAT,,,,,,2024_1,,"6104101002000600","00",,
,"616537","0",,0.306212680470136,,"61041010080004","04","101","0004",MEMPAWAH,MEMPAWAH TIMUR,RT 004 RW 02 DUSUN PARIT BANJAR LAUT,,"008","61",,,PARIT BANJAR,KALIMANTAN BARAT,,,,,,2024_1,,"6104101008000400","00",,
,"616536","0",,0.023206859752896,,"61041100010006","04","110","0006",MEMPAWAH,SUNGAI KUNYIT,RT 006 RW 03 DUSUN PERMAI,,"001","61",,,SEMUDUN,KALIMANTAN BARAT,,,,,,2024_1,,"6104110001000600","00",,
,"616535","0",,0.288711700292373,,"61041000080007","04","100","0007",MEMPAWAH,MEMPAWAH HILIR,RT 026 RW 03,,"008","61",,,TERUSAN,KALIMANTAN BARAT,,,,,,2024_1,,"6104100008000700","00",,
,"616534","0",,0.134195459403837,,"61041100065004","04","110","5004",MEMPAWAH,SUNGAI KUNYIT,PELABUHAN KIJING,,"006","61",,,SUNGAI KUNYIT LAUT,KALIMANTAN BARAT,,,,,,2024_1,,"6104110006500400","00",,
,"616533","0",,1.24236501587126,,"61040910040003","04","091","0003",MEMPAWAH,ANJONGAN,RT 003 RW 01 DUSUN PERIKANAN,,"004","61",,,PAK BULU,KALIMANTAN BARAT,,,,,,2024_1,,"6104091004000300","00",,
,"616549","0",,0.202409586773275,,"61041200070001","04","120","0001",MEMPAWAH,TOHO,RT 001 RW 01 DUSUN TERAP,,"007","61",,,TERAP,KALIMANTAN BARAT,,,,,,2024_1,,"6104120007000100","00",,
,"616532","0",,0.659797717951632,,"61041000120008","04","100","0008",MEMPAWAH,MEMPAWAH HILIR,RT 008 RW 02 DUSUN PASIR LAUT,,"012","61",,,PASIR,KALIMANTAN BARAT,,,,,,2024_1,,"6104100012000800","00",,
,"616531","0",,0.041435427821938,,"61041010022001","04","101","2001",MEMPAWAH,MEMPAWAH TIMUR,BLOK PERSIAPAN,,"002","61",,,SUNGAI BAKAU KECIL,KALIMANTAN BARAT,,,,,,2024_1,,"6104101002200100","00",,
,"616530","0",,0.277825720763974,,"61040800030007","04","080","0007",MEMPAWAH,JONGKAT,RT 002 RW 13 DUSUN JERUK,,"003","61",,,WAJOK HILIR,KALIMANTAN BARAT,,,,,,2024_1,,"6104080003000700","00",,
,"616528","0",,0.474733381752539,,"61041010040008","04","101","0008",MEMPAWAH,MEMPAWAH TIMUR,RT 008 RW 04 DUSUN TENGAH,,"004","61",,,PASIR PALEMBANG,KALIMANTAN BARAT,,,,,,2024_1,,"6104101004000800","00",,
,"616527","0",,0.537839681349252,,"61040910020010","04","091","0010",MEMPAWAH,ANJONGAN,RT 023 RW 01,,"002","61",,,ANJUNGAN MELANCAR,KALIMANTAN BARAT,,,,,,2024_1,,"6104091002001000","00",,
,"616526","0",,0.986840300160271,,"61040910020001","04","091","0001",MEMPAWAH,ANJONGAN,RT 001 RW 01,,"002","61",,,ANJUNGAN MELANCAR,KALIMANTAN BARAT,,,,,,2024_1,,"6104091002000100","00",,
,"616525","0",,0.494418606864999,,"61041000120024","04","100","0024",MEMPAWAH,MEMPAWAH HILIR,RT 032 RW 08 DUSUN SEBUKIT RAMA,,"012","61",,,PASIR,KALIMANTAN BARAT,,,,,,2024_1,,"6104100012002400","00",,
,"616524","0",,0.063055090535856,,"61041010060009","04","101","0009",MEMPAWAH,MEMPAWAH TIMUR,RT 009 RW 03 DUSUN HARAPAN,,"006","61",,,ANTIBAR,KALIMANTAN BARAT,,,,,,2024_1,,"6104101006000900","00",,
,"616523","0",,0.723435495385846,,"61041010040006","04","101","0006",MEMPAWAH,MEMPAWAH TIMUR,RT 006 RW 03 DUSUN TENGAH,,"004","61",,,PASIR PALEMBANG,KALIMANTAN BARAT,,,,,,2024_1,,"6104101004000600","00",,
,"616581","0",,0.252138786319751,,"61041000020012","04","100","0012",MEMPAWAH,MEMPAWAH HILIR,RT 012 RW 06 DUSUN KARYA,,"002","61",,,KUALA SECAPAH,KALIMANTAN BARAT,,,,,,2024_1,,"6104100002001200","00",,
,"616522","0",,0.783675348978393,,"61041010040005","04","101","0005",MEMPAWAH,MEMPAWAH TIMUR,RT 005 RW 03 DUSUN TENGAH,,"004","61",,,PASIR PALEMBANG,KALIMANTAN BARAT,,,,,,2024_1,,"6104101004000500","00",,
,"616521","0",,0.132086825320419,,"61040910040004","04","091","0004",MEMPAWAH,ANJONGAN,RT 004 RW 02 DUSUN PAK BULU,,"004","61",,,PAK BULU,KALIMANTAN BARAT,,,,,,2024_1,,"6104091004000400","00",,
,"616520","0",,0.071735470061915,,"61041000080018","04","100","0018",MEMPAWAH,MEMPAWAH HILIR,RT 041 RW 08,,"008","61",,,TERUSAN,KALIMANTAN BARAT,,,,,,2024_1,,"6104100008001800","00",,
,"616519","0",,0.495950088918411,,"61041210010002","04","121","0002",MEMPAWAH,SADANIANG,RT 002 RW 01 DUSUN PENTEK,,"001","61",,,PENTEK,KALIMANTAN BARAT,,,,,,2024_1,,"6104121001000200","00",,
,"616518","0",,0.472946623755922,,"61041000120032","04","100","0032",MEMPAWAH,MEMPAWAH HILIR,RT 026 RW 10 DUSUN PARIT SERIBU,,"012","61",,,PASIR,KALIMANTAN BARAT,,,,,,2024_1,,"6104100012003200","00",,
,"616517","0",,0.218843631912124,,"61041000080014","04","100","0014",MEMPAWAH,MEMPAWAH HILIR,RT 017 RW 07,,"008","61",,,TERUSAN,KALIMANTAN BARAT,,,,,,2024_1,,"6104100008001400","00",,
,"616516","0",,0.059884447703063,,"61041100050001","04","110","0001",MEMPAWAH,SUNGAI KUNYIT,RT 001 RW 01 DUSUN PEMBANGUNAN,,"005","61",,,SUNGAI LIMAU,KALIMANTAN BARAT,,,,,,2024_1,,"6104110005000100","00",,
,"616515","0",,0.090069699468689,,"61041100050008","04","110","0008",MEMPAWAH,SUNGAI KUNYIT,RT 007 RW 03 DUSUN NELAYAN,,"005","61",,,SUNGAI LIMAU,KALIMANTAN BARAT,,,,,,2024_1,,"6104110005000800","00",,
,"616513","0",,0.406731552313144,,"61040800030035","04","080","0035",MEMPAWAH,JONGKAT,RT 002 RW 09 DUSUN PALAWIJA,,"003","61",,,WAJOK HILIR,KALIMANTAN BARAT,,,,,,2024_1,,"6104080003003500","00",,
,"616512","0",,0.131815807011268,,"61041000080021","04","100","0021",MEMPAWAH,MEMPAWAH HILIR,RT 014 RW 09,,"008","61",,,TERUSAN,KALIMANTAN BARAT,,,,,,2024_1,,"6104100008002100","00",,
,"616511","0",,0.066802176193249,,"61041010010007","04","101","0007",MEMPAWAH,MEMPAWAH TIMUR,RT 007 RW 04,,"001","61",,,PASIR WAN SALIM,KALIMANTAN BARAT,,,,,,2024_1,,"6104101001000700","00",,
,"616509","0",,0.594026756275749,,"61040800060004","04","080","0004",MEMPAWAH,JONGKAT,RT 004 RW 01 DUSUN KARYA BHAKTI,,"006","61",,,PENITI LUAR,KALIMANTAN BARAT,,,,,,2024_1,,"6104080006000400","00",,
,"616508","0",,0.752607148083186,,"61040800060011","04","080","0011",MEMPAWAH,JONGKAT,RT 002 RW 03 DUSUN PANCA BHAKTI,,"006","61",,,PENITI LUAR,KALIMANTAN BARAT,,,,,,2024_1,,"6104080006001100","00",,
,"616507","0",,0.006183060442446,,"61040900090011","04","090","0011",MEMPAWAH,SUNGAI PINYUH,RT 005 RW 002,,"009","61",,,SUNGAI PINYUH,KALIMANTAN BARAT,,,,,,2024_1,,"6104090009001100","00",,
,"616506","0",,0.539336922927423,,"61041010042001","04","101","2001",MEMPAWAH,MEMPAWAH TIMUR,BLOK PERSIAPAN,,"004","61",,,PASIR PALEMBANG,KALIMANTAN BARAT,,,,,,2024_1,,"6104101004200100","00",,
,"616505","0",,0.131494848870177,,"61041010020025","04","101","0025",MEMPAWAH,MEMPAWAH TIMUR,RT 030 RW 05 DUSUN SEPAKAT DARAT,,"002","61",,,SUNGAI BAKAU KECIL,KALIMANTAN BARAT,,,,,,2024_1,,"6104101002002500","00",,
,"616514","0",,0.047662723653464,,"61040900090023","04","090","0023",MEMPAWAH,SUNGAI PINYUH,RT 006 RW 003,,"009","61",,,SUNGAI PINYUH,KALIMANTAN BARAT,,,,,,2024_1,,"6104090009002300","00",,
,"616504","0",,0.773499263143926,,"61040900030001","04","090","0001",MEMPAWAH,SUNGAI PINYUH,RT 001 RW 01 DUSUN TERATAI,,"003","61",,,PENIRAMAN,KALIMANTAN BARAT,,,,,,2024_1,,"6104090003000100","00",,
,"616503","0",,0.747677777646817,,"61040900110001","04","090","0001",MEMPAWAH,SUNGAI PINYUH,RT 001 RW 01 DUSUN BARAT,,"011","61",,,SUNGAI BAKAU BESAR LAUT,KALIMANTAN BARAT,,,,,,2024_1,,"6104090011000100","00",,
,"616502","0",,0.419124707374708,,"61040810010011","04","081","0011",MEMPAWAH,SEGEDONG,RT 011 RW 003 DUSUN WAK PAIK,,"001","61",,,PENITI DALAM I,KALIMANTAN BARAT,,,,,,2024_1,,"6104081001001100","00",,
,"616501","0",,0.238431122139117,,"61041000070024","04","100","0024",MEMPAWAH,MEMPAWAH HILIR,RT 023 RW 08,,"007","61",,,TENGAH,KALIMANTAN BARAT,,,,,,2024_1,,"6104100007002400","00",,
,"616500","0",,0.30206335709741,,"61041000080015","04","100","0015",MEMPAWAH,MEMPAWAH HILIR,RT 018 RW 07,,"008","61",,,TERUSAN,KALIMANTAN BARAT,,,,,,2024_1,,"6104100008001500","00",,
,"616499","0",,0.04013947663917,,"61040900090016","04","090","0016",MEMPAWAH,SUNGAI PINYUH,RT 010 RW 002,,"009","61",,,SUNGAI PINYUH,KALIMANTAN BARAT,,,,,,2024_1,,"6104090009001600","00",,
,"616498","0",,0.019491347275673,,"61041010010003","04","101","0003",MEMPAWAH,MEMPAWAH TIMUR,RT 003 RW 02,,"001","61",,,PASIR WAN SALIM,KALIMANTAN BARAT,,,,,,2024_1,,"6104101001000300","00",,
,"616497","0",,0.077703531902516,,"61040800040017","04","080","0017",MEMPAWAH,JONGKAT,RT 002 RW 06 DUSUN KUNYIT,,"004","61",,,WAJOK HULU,KALIMANTAN BARAT,,,,,,2024_1,,"6104080004001700","00",,
,"616496","0",,1.72047505951525,,"61040800010021","04","080","0021",MEMPAWAH,JONGKAT,RT 018 RW 04 DUSUN MELATI,,"001","61",,,SUNGAI NIPAH,KALIMANTAN BARAT,,,,,,2024_1,,"6104080001002100","00",,
,"616495","0",,1.98113003206164,,"61040800060017","04","080","0017",MEMPAWAH,JONGKAT,RT 002 RW 05 DUSUN TARUNA BHAKTI,,"006","61",,,PENITI LUAR,KALIMANTAN BARAT,,,,,,2024_1,,"6104080006001700","00",,
,"616494","0",,0.165238280477615,,"61041010070015","04","101","0015",MEMPAWAH,MEMPAWAH TIMUR,RT 010 RW 05 DUSUN TEKAM,,"007","61",,,SEJEGI,KALIMANTAN BARAT,,,,,,2024_1,,"6104101007001500","00",,
,"616493","0",,0.197231673829004,,"61041000140005","04","100","0005",MEMPAWAH,MEMPAWAH HILIR,RT 005 RW 002 DUSUN SUKA DAMAI,,"014","61",,,SENGKUBANG,KALIMANTAN BARAT,,,,,,2024_1,,"6104100014000500","00",,
,"616492","0",,1.328904404715,,"61040900120006","04","090","0006",MEMPAWAH,SUNGAI PINYUH,RT 006 RW 03 DUSUN HULU SUNGAI,,"012","61",,,SUNGAI BAKAU BESAR DARAT,KALIMANTAN BARAT,,,,,,2024_1,,"6104090012000600","00",,
,"616491","0",,1.45654633909744,,"61040800060014","04","080","0014",MEMPAWAH,JONGKAT,RT 001 RW 04 DUSUN TARUNA BHAKTI,,"006","61",,,PENITI LUAR,KALIMANTAN BARAT,,,,,,2024_1,,"6104080006001400","00",,
,"616490","0",,0.017406582839761,,"61040810050001","04","081","0001",MEMPAWAH,SEGEDONG,RT 001 RW 001 DUSUN SUKA DAMAI,,"005","61",,,PENITI BESAR,KALIMANTAN BARAT,,,,,,2024_1,,"6104081005000100","00",,
,"616488","0",,0.349416448825636,,"61040810010012","04","081","0012",MEMPAWAH,SEGEDONG,RT 012 RW 003 DUSUN WAK PAIK,,"001","61",,,PENITI DALAM I,KALIMANTAN BARAT,,,,,,2024_1,,"6104081001001200","00",,
,"616486","0",,0.061832664544024,,"61040900010021","04","090","0021",MEMPAWAH,SUNGAI PINYUH,RT 021 RW 010 DUSUN BAHAGIAH,,"001","61",,,SUNGAI PURUN KECIL,KALIMANTAN BARAT,,,,,,2024_1,,"6104090001002100","00",,
,"616485","0",,0.030002587620801,,"61040810010008","04","081","0008",MEMPAWAH,SEGEDONG,RT 008 RW 002 DUSUN SY. ABU BAKAR,,"001","61",,,PENITI DALAM I,KALIMANTAN BARAT,,,,,,2024_1,,"6104081001000800","00",,
,"616484","0",,0.245800189274807,,"61040810010004","04","081","0004",MEMPAWAH,SEGEDONG,RT 004 RW 001 DUSUN SY. ABU BAKAR,,"001","61",,,PENITI DALAM I,KALIMANTAN BARAT,,,,,,2024_1,,"6104081001000400","00",,
,"616483","0",,0.03868946317971,,"61041000020008","04","100","0008",MEMPAWAH,MEMPAWAH HILIR,RT 008 RW 04 DUSUN KABO,,"002","61",,,KUALA SECAPAH,KALIMANTAN BARAT,,,,,,2024_1,,"6104100002000800","00",,
,"616482","0",,0.049819789673961,,"61041000020006","04","100","0006",MEMPAWAH,MEMPAWAH HILIR,RT 006 RW 03 DUSUN KABO,,"002","61",,,KUALA SECAPAH,KALIMANTAN BARAT,,,,,,2024_1,,"6104100002000600","00",,
,"616481","0",,1.30809468997684,,"61040900120005","04","090","0005",MEMPAWAH,SUNGAI PINYUH,RT 005 RW 03 DUSUN PARIT KURUS,,"012","61",,,SUNGAI BAKAU BESAR DARAT,KALIMANTAN BARAT,,,,,,2024_1,,"6104090012000500","00",,
,"616576","0",,0.24570156668679,,"61041010070017","04","101","0017",MEMPAWAH,MEMPAWAH TIMUR,RT 012 RW 06 DUSUN TEKAM,,"007","61",,,SEJEGI,KALIMANTAN BARAT,,,,,,2024_1,,"6104101007001700","00",,
,"616480","0",,0.026444996142273,,"61041010010010","04","101","0010",MEMPAWAH,MEMPAWAH TIMUR,RT 010 RW 05,,"001","61",,,PASIR WAN SALIM,KALIMANTAN BARAT,,,,,,2024_1,,"6104101001001000","00",,
,"616479","0",,0.087189619250911,,"61041010010009","04","101","0009",MEMPAWAH,MEMPAWAH TIMUR,RT 009 RW 05,,"001","61",,,PASIR WAN SALIM,KALIMANTAN BARAT,,,,,,2024_1,,"6104101001000900","00",,
,"616478","0",,0.334812009993579,,"61041000080041","04","100","0041",MEMPAWAH,MEMPAWAH HILIR,RT 040 RW 17,,"008","61",,,TERUSAN,KALIMANTAN BARAT,,,,,,2024_1,,"6104100008004100","00",,
,"616487","0",,0.599955857779352,,"61041000120030","04","100","0030",MEMPAWAH,MEMPAWAH HILIR,RT 024 RW 09 DUSUN PARIT AMANKU,,"012","61",,,PASIR,KALIMANTAN BARAT,,,,,,2024_1,,"6104100012003000","00",,
,"616477","0",,0.093227836413538,,"61041100080003","04","110","0003",MEMPAWAH,SUNGAI KUNYIT,RT 003 RW 01 DUSUN SEMAYAR,,"008","61",,,SUNGAI KUNYIT HULU,KALIMANTAN BARAT,,,,,,2024_1,,"6104110008000300","00",,
,"616476","0",,0.122318084723292,,"61041100080005","04","110","0005",MEMPAWAH,SUNGAI KUNYIT,RT 005 RW 02 DUSUN SEKIP II,,"008","61",,,SUNGAI KUNYIT HULU,KALIMANTAN BARAT,,,,,,2024_1,,"6104110008000500","00",,
,"616475","0",,1.15306314519964,,"61040810030010","04","081","0010",MEMPAWAH,SEGEDONG,RT 010 RW 04 DUSUN KEMUNING,,"003","61",,,SUNGAI PURUN BESAR,KALIMANTAN BARAT,,,,,,2024_1,,"6104081003001000","00",,
,"616474","0",,0.463966357586864,,"61041200090012","04","120","0012",MEMPAWAH,TOHO,RT 012 RW 04 DUSUN PROMPONG,,"009","61",,,TOHO ILIR,KALIMANTAN BARAT,,,,,,2024_1,,"6104120009001200","00",,
,"616473","0",,4.55986990101692,,"61041200090007","04","120","0007",MEMPAWAH,TOHO,RT 007 RW 02 DUSUN KUALA TOHO,,"009","61",,,TOHO ILIR,KALIMANTAN BARAT,,,,,,2024_1,,"6104120009000700","00",,
,"616470","0",,0.687152097391201,,"61040800030028","04","080","0028",MEMPAWAH,JONGKAT,RT 001 RW 03 DUSUN COKLAT,,"003","61",,,WAJOK HILIR,KALIMANTAN BARAT,,,,,,2024_1,,"6104080003002800","00",,
,"616469","0",,0.216081009031895,,"61041010020037","04","101","0037",MEMPAWAH,MEMPAWAH TIMUR,RT 037 RW 05 DUSUN SEPAKAT DARAT,,"002","61",,,SUNGAI BAKAU KECIL,KALIMANTAN BARAT,,,,,,2024_1,,"6104101002003700","00",,
,"616468","0",,0.25376023947028,,"61041010020023","04","101","0023",MEMPAWAH,MEMPAWAH TIMUR,RT 016 RW 05 DUSUN SEPAKAT DARAT,,"002","61",,,SUNGAI BAKAU KECIL,KALIMANTAN BARAT,,,,,,2024_1,,"6104101002002300","00",,
,"616467","0",,0.023156673219938,,"61040900010020","04","090","0020",MEMPAWAH,SUNGAI PINYUH,RT 020 RW 010 DUSUN BAHAGIAH,,"001","61",,,SUNGAI PURUN KECIL,KALIMANTAN BARAT,,,,,,2024_1,,"6104090001002000","00",,
,"616463","0",,0.028182354254294,,"61040800040026","04","080","0026",MEMPAWAH,JONGKAT,RT 012 RW 06 DUSUN KUNYIT,,"004","61",,,WAJOK HULU,KALIMANTAN BARAT,,,,,,2024_1,,"6104080004002600","00",,
,"616462","0",,0.030461132223225,,"61041000080030","04","100","0030",MEMPAWAH,MEMPAWAH HILIR,RT 005 RW 13,,"008","61",,,TERUSAN,KALIMANTAN BARAT,,,,,,2024_1,,"6104100008003000","00",,
,"616461","0",,1.23588042440422,,"61041000140008","04","100","0008",MEMPAWAH,MEMPAWAH HILIR,RT 008 RW 004 DUSUN SIMPANG TIGA,,"014","61",,,SENGKUBANG,KALIMANTAN BARAT,,,,,,2024_1,,"6104100014000800","00",,
,"616460","0",,0.057549699925399,,"61041000080033","04","100","0033",MEMPAWAH,MEMPAWAH HILIR,RT 002 RW 15,,"008","61",,,TERUSAN,KALIMANTAN BARAT,,,,,,2024_1,,"6104100008003300","00",,
,"616459","0",,0.036884999682841,,"61040800020015","04","080","0015",MEMPAWAH,JONGKAT,RT 001 RW 012 DUSUN PANGERAN ADIPATI,,"002","61",,,JUNGKAT,KALIMANTAN BARAT,,,,,,2024_1,,"6104080002001500","00",,
,"616458","0",,0.462635222297643,,"61041100070007","04","110","0007",MEMPAWAH,SUNGAI KUNYIT,RT 007 RW 03 DUSUN CEMPAKA,,"007","61",,,SUNGAI KUNYIT DALAM,KALIMANTAN BARAT,,,,,,2024_1,,"6104110007000700","00",,
,"616457","0",,0.348917999978404,,"61041010080005","04","101","0005",MEMPAWAH,MEMPAWAH TIMUR,RT 005 RW 03 DUSUN PARIT BANJAR LAUT,,"008","61",,,PARIT BANJAR,KALIMANTAN BARAT,,,,,,2024_1,,"6104101008000500","00",,
,"616455","0",,2.57412257962145,,"61041200050005","04","120","0005",MEMPAWAH,TOHO,RT 005 RW 02 DUSUN SEPANG,,"005","61",,,SEPANG,KALIMANTAN BARAT,,,,,,2024_1,,"6104120005000500","00",,
,"616454","0",,0.905954787337866,,"61041200050003","04","120","0003",MEMPAWAH,TOHO,RT 003 RW 01 DUSUN SEPANG,,"005","61",,,SEPANG,KALIMANTAN BARAT,,,,,,2024_1,,"6104120005000300","00",,
,"616452","0",,0.260247915317583,,"61041000150019","04","100","0019",MEMPAWAH,MEMPAWAH HILIR,RT 19 RW 07 DUSUN FAJAR,,"015","61",,,MALIKIAN,KALIMANTAN BARAT,,,,,,2024_1,,"6104100015001900","00",,
,"616451","0",,16.4551084573249,,"61040900122001","04","090","2001",MEMPAWAH,SUNGAI PINYUH,HUTAN DI ATAS RT TERAKHIR,,"012","61",,,SUNGAI BAKAU BESAR DARAT,KALIMANTAN BARAT,,,,,,2024_1,,"6104090012200100","00",,
,"616450","0",,0.406030126554668,,"61040900120018","04","090","0018",MEMPAWAH,SUNGAI PINYUH,RT 018 RW 09 DUSUN PARIT AKOP,,"012","61",,,SUNGAI BAKAU BESAR DARAT,KALIMANTAN BARAT,,,,,,2024_1,,"6104090012001800","00",,
,"616449","0",,0.031307804748956,,"61040800040035","04","080","0035",MEMPAWAH,JONGKAT,RT 007 RW 02 DUSUN LAPAN,,"004","61",,,WAJOK HULU,KALIMANTAN BARAT,,,,,,2024_1,,"6104080004003500","00",,
,"616448","0",,0.150127401949668,,"61040900110008","04","090","0008",MEMPAWAH,SUNGAI PINYUH,RT 013 RW 02 DUSUN BARAT,,"011","61",,,SUNGAI BAKAU BESAR LAUT,KALIMANTAN BARAT,,,,,,2024_1,,"6104090011000800","00",,
,"616447","0",,0.167106560203986,,"61040900110009","04","090","0009",MEMPAWAH,SUNGAI PINYUH,RT 007 RW 03 DUSUN TIMUR,,"011","61",,,SUNGAI BAKAU BESAR LAUT,KALIMANTAN BARAT,,,,,,2024_1,,"6104090011000900","00",,
,"616441","0",,2.16134686831437,,"61040900120019","04","090","0019",MEMPAWAH,SUNGAI PINYUH,RT 019 RW 010 DUSUN PARIT AKOP,,"012","61",,,SUNGAI BAKAU BESAR DARAT,KALIMANTAN BARAT,,,,,,2024_1,,"6104090012001900","00",,
,"616440","0",,0.269624286221388,,"61040800020061","04","080","0061",MEMPAWAH,JONGKAT,RT 004 RW 15 DUSUN RAHADI USMAN,,"002","61",,,JUNGKAT,KALIMANTAN BARAT,,,,,,2024_1,,"6104080002006100","00",,
,"616439","0",,0.660031878488397,,"61040810050035","04","081","0035",MEMPAWAH,SEGEDONG,RT 004 RW 014 DUSUN SABAR MENANTI,,"005","61",,,PENITI BESAR,KALIMANTAN BARAT,,,,,,2024_1,,"6104081005003500","00",,
,"616288","0",,0.212074837724899,,"61041200020008","04","120","0008",MEMPAWAH,TOHO,RT 015 RW 02 DUSUN MEKAR JAYA,,"002","61",,,SAMBORA,KALIMANTAN BARAT,,,,,,2024_1,,"6104120002000800","00",,
,"616287","0",,0.058402239598022,,"61041200020009","04","120","0009",MEMPAWAH,TOHO,RT 006 RW 03 DUSUN TUNAS JAYA,,"002","61",,,SAMBORA,KALIMANTAN BARAT,,,,,,2024_1,,"6104120002000900","00",,
,"616284","0",,0.701838847402089,,"61041100070009","04","110","0009",MEMPAWAH,SUNGAI KUNYIT,RT 009 RW 03 DUSUN CEMPAKA,,"007","61",,,SUNGAI KUNYIT DALAM,KALIMANTAN BARAT,,,,,,2024_1,,"6104110007000900","00",,
,"616283","0",,0.099299161540356,,"61041000150027","04","100","0027",MEMPAWAH,MEMPAWAH HILIR,RT 27 RW 10 DUSUN PASIR,,"015","61",,,MALIKIAN,KALIMANTAN BARAT,,,,,,2024_1,,"6104100015002700","00",,
,"616741","0",,1.13161758178873,,"61041010010017","04","101","0017",MEMPAWAH,MEMPAWAH TIMUR,RT 017 RW 08,,"001","61",,,PASIR WAN SALIM,KALIMANTAN BARAT,,,,,,2024_1,,"6104101001001700","00",,
,"616740","0",,0.343700400736589,,"61040900030011","04","090","0011",MEMPAWAH,SUNGAI PINYUH,RT 011 RW 06 DUSUN SUI DAYAK,,"003","61",,,PENIRAMAN,KALIMANTAN BARAT,,,,,,2024_1,,"6104090003001100","00",,
,"616739","0",,0.919443693217292,,"61040900030017","04","090","0017",MEMPAWAH,SUNGAI PINYUH,RT 017 RW 08 DUSUN PENIRAMAN DALAM,,"003","61",,,PENIRAMAN,KALIMANTAN BARAT,,,,,,2024_1,,"6104090003001700","00",,
,"616738","0",,0.348311835816687,,"61041010060021","04","101","0021",MEMPAWAH,MEMPAWAH TIMUR,RT 021 RW 06 DUSUN MOTON JAYA,,"006","61",,,ANTIBAR,KALIMANTAN BARAT,,,,,,2024_1,,"6104101006002100","00",,
,"616737","0",,0.309477335603815,,"61041010020020","04","101","0020",MEMPAWAH,MEMPAWAH TIMUR,RT 019 RW 04 DUSUN KEDAONG,,"002","61",,,SUNGAI BAKAU KECIL,KALIMANTAN BARAT,,,,,,2024_1,,"6104101002002000","00",,
,"616736","0",,0.467442486281305,,"61040900040015","04","090","0015",MEMPAWAH,SUNGAI PINYUH,RT 002 RW 07 DUSUN 04,,"004","61",,,NUSAPATI,KALIMANTAN BARAT,,,,,,2024_1,,"6104090004001500","00",,
,"616735","0",,0.593703779879423,,"61040810010020","04","081","0020",MEMPAWAH,SEGEDONG,RT 020 RW 005 DUSUN AMBO PINANG,,"001","61",,,PENITI DALAM I,KALIMANTAN BARAT,,,,,,2024_1,,"6104081001002000","00",,
,"616734","0",,0.238974678820914,,"61041100120010","04","110","0010",MEMPAWAH,SUNGAI KUNYIT,RT 010 RW 03 DUSUN DAMAI,,"012","61",,,SUNGAI DURI II,KALIMANTAN BARAT,,,,,,2024_1,,"6104110012001000","00",,
,"616733","0",,2.43511983010539,,"61040810030011","04","081","0011",MEMPAWAH,SEGEDONG,RT 011 RW 04 DUSUN KEMUNING,,"003","61",,,SUNGAI PURUN BESAR,KALIMANTAN BARAT,,,,,,2024_1,,"6104081003001100","00",,
,"616732","0",,0.605796749023774,,"61041010020033","04","101","0033",MEMPAWAH,MEMPAWAH TIMUR,RT 027 RW 08 DUSUN KONSASI,,"002","61",,,SUNGAI BAKAU KECIL,KALIMANTAN BARAT,,,,,,2024_1,,"6104101002003300","00",,
,"616731","0",,0.063663148047678,,"61041000150004","04","100","0004",MEMPAWAH,MEMPAWAH HILIR,RT 04 RW 02 DUSUN MENTARI,,"015","61",,,MALIKIAN,KALIMANTAN BARAT,,,,,,2024_1,,"6104100015000400","00",,
,"616729","0",,0.256097080999803,,"61040900030005","04","090","0005",MEMPAWAH,SUNGAI PINYUH,RT 005 RW 03 DUSUN BABUSSALAM,,"003","61",,,PENIRAMAN,KALIMANTAN BARAT,,,,,,2024_1,,"6104090003000500","00",,
,"616726","0",,0.093719277624398,,"61040910020006","04","091","0006",MEMPAWAH,ANJONGAN,RT 019 RW 01,,"002","61",,,ANJUNGAN MELANCAR,KALIMANTAN BARAT,,,,,,2024_1,,"6104091002000600","00",,
,"616725","0",,3.04914180206671,,"61041100090007","04","110","0007",MEMPAWAH,SUNGAI KUNYIT,RT 007 RW 03 DUSUN KEMBANG LADA,,"009","61",,,BUKIT BATU,KALIMANTAN BARAT,,,,,,2024_1,,"6104110009000700","00",,
,"616724","0",,0.768535437139833,,"61040800040031","04","080","0031",MEMPAWAH,JONGKAT,RT 002 RW 02 DUSUN LAPAN,,"004","61",,,WAJOK HULU,KALIMANTAN BARAT,,,,,,2024_1,,"6104080004003100","00",,
,"616723","0",,0.022047032058479,,"61040900090034","04","090","0034",MEMPAWAH,SUNGAI PINYUH,RT 001 RW 005,,"009","61",,,SUNGAI PINYUH,KALIMANTAN BARAT,,,,,,2024_1,,"6104090009003400","00",,
,"616722","0",,0.250105414202887,,"61040900100007","04","090","0007",MEMPAWAH,SUNGAI PINYUH,RT 003 RW 02 DUSUN BARAT,,"010","61",,,SUNGAI BATANG,KALIMANTAN BARAT,,,,,,2024_1,,"6104090010000700","00",,
,"616721","0",,0.544104970084105,,"61040900110015","04","090","0015",MEMPAWAH,SUNGAI PINYUH,RT 010 RW 04 DUSUN TIMUR,,"011","61",,,SUNGAI BAKAU BESAR LAUT,KALIMANTAN BARAT,,,,,,2024_1,,"6104090011001500","00",,
,"616720","0",,0.789157371855009,,"61041010030010","04","101","0010",MEMPAWAH,MEMPAWAH TIMUR,RT 010 RW 05 DUSUN TERAJU MAS,,"003","61",,,PASIR PANJANG,KALIMANTAN BARAT,,,,,,2024_1,,"6104101003001000","00",,
,"616719","0",,0.709569860396563,,"61040900010010","04","090","0010",MEMPAWAH,SUNGAI PINYUH,RT 010 RW 05 DUSUN SWADAYA,,"001","61",,,SUNGAI PURUN KECIL,KALIMANTAN BARAT,,,,,,2024_1,,"6104090001001000","00",,
,"616718","0",,0.562185084925528,,"61040900010004","04","090","0004",MEMPAWAH,SUNGAI PINYUH,RT 004 RW 02 DUSUN NIKMAT,,"001","61",,,SUNGAI PURUN KECIL,KALIMANTAN BARAT,,,,,,2024_1,,"6104090001000400","00",,
,"616717","0",,0.100256420742396,,"61041000080013","04","100","0013",MEMPAWAH,MEMPAWAH HILIR,RT 020 RW 06,,"008","61",,,TERUSAN,KALIMANTAN BARAT,,,,,,2024_1,,"6104100008001300","00",,
,"616716","0",,0.291812804221029,,"61041100020006","04","110","0006",MEMPAWAH,SUNGAI KUNYIT,RT 005 RW 03 DUSUN PELANGKIRAN,,"002","61",,,SEMPARONG PARIT RADEN,KALIMANTAN BARAT,,,,,,2024_1,,"6104110002000600","00",,
,"616715","0",,0.109648031626337,,"61040910060001","04","091","0001",MEMPAWAH,ANJONGAN,RT 001 RW 01 DUSUN BILADO,,"006","61",,,KEPAYANG,KALIMANTAN BARAT,,,,,,2024_1,,"6104091006000100","00",,
,"616712","0",,1.02813554187327,,"61040800020064","04","080","0064",MEMPAWAH,JONGKAT,RT 002 RW 20 DUSUN RADEN WIJAYA,,"002","61",,,JUNGKAT,KALIMANTAN BARAT,,,,,,2024_1,,"6104080002006400","00",,
,"616711","0",,1.01456523683789,,"61040800060008","04","080","0008",MEMPAWAH,JONGKAT,RT 004 RW 02 DUSUN KARYA BHAKTI,,"006","61",,,PENITI LUAR,KALIMANTAN BARAT,,,,,,2024_1,,"6104080006000800","00",,
,"616710","0",,0.015626204877129,,"61040900090040","04","090","0040",MEMPAWAH,SUNGAI PINYUH,RT 007 RW 005,,"009","61",,,SUNGAI PINYUH,KALIMANTAN BARAT,,,,,,2024_1,,"6104090009004000","00",,
,"616709","0",,0.435721581276811,,"61041010060017","04","101","0017",MEMPAWAH,MEMPAWAH TIMUR,RT 017 RW 05 DUSUN SATRIA,,"006","61",,,ANTIBAR,KALIMANTAN BARAT,,,,,,2024_1,,"6104101006001700","00",,
,"616728","0",,0.619377623940498,,"61040900010002","04","090","0002",MEMPAWAH,SUNGAI PINYUH,RT 002 RW 01 DUSUN NIKMAT,,"001","61",,,SUNGAI PURUN KECIL,KALIMANTAN BARAT,,,,,,2024_1,,"6104090001000200","00",,
,"616708","0",,0.299937687467397,,"61041000070021","04","100","0021",MEMPAWAH,MEMPAWAH HILIR,RT 020 RW 07,,"007","61",,,TENGAH,KALIMANTAN BARAT,,,,,,2024_1,,"6104100007002100","00",,
,"616707","0",,0.590951051150011,,"61041200050002","04","120","0002",MEMPAWAH,TOHO,RT 002 RW 01 DUSUN SEPANG,,"005","61",,,SEPANG,KALIMANTAN BARAT,,,,,,2024_1,,"6104120005000200","00",,
,"616706","0",,1.30643208449031,,"61041000020014","04","100","0014",MEMPAWAH,MEMPAWAH HILIR,RT 014 RW 07 DUSUN HARAPAN,,"002","61",,,KUALA SECAPAH,KALIMANTAN BARAT,,,,,,2024_1,,"6104100002001400","00",,
,"616704","0",,0.088518578018613,,"61041000020004","04","100","0004",MEMPAWAH,MEMPAWAH HILIR,RT 004 RW 02 DUSUN ABADI,,"002","61",,,KUALA SECAPAH,KALIMANTAN BARAT,,,,,,2024_1,,"6104100002000400","00",,
,"616703","0",,24.0073624262756,,"61040900041001","04","090","1001",MEMPAWAH,SUNGAI PINYUH,KEBUN SAWIT,,"004","61",,,NUSAPATI,KALIMANTAN BARAT,,,,,,2024_1,,"6104090004100100","00",,
,"616702","0",,0.054916725137996,,"61041200080006","04","120","0006",MEMPAWAH,TOHO,RT 006 DUSUN DANDANG,,"008","61",,,KECURIT,KALIMANTAN BARAT,,,,,,2024_1,,"6104120008000600","00",,
,"616701","0",,0.024518464337304,,"61040900090009","04","090","0009",MEMPAWAH,SUNGAI PINYUH,RT 003 RW 002,,"009","61",,,SUNGAI PINYUH,KALIMANTAN BARAT,,,,,,2024_1,,"6104090009000900","00",,
,"616700","0",,0.279684819410857,,"61041010020011","04","101","0011",MEMPAWAH,MEMPAWAH TIMUR,RT 008 RW 03 DUSUN SEPAKAT TENGAH,,"002","61",,,SUNGAI BAKAU KECIL,KALIMANTAN BARAT,,,,,,2024_1,,"6104101002001100","00",,
,"616699","0",,2.40420210431734,,"61040900030021","04","090","0021",MEMPAWAH,SUNGAI PINYUH,RT 021 RW 010 DUSUN DANAU,,"003","61",,,PENIRAMAN,KALIMANTAN BARAT,,,,,,2024_1,,"6104090003002100","00",,
,"616698","0",,0.068754300730095,,"61041000080039","04","100","0039",MEMPAWAH,MEMPAWAH HILIR,RT 038 RW 17,,"008","61",,,TERUSAN,KALIMANTAN BARAT,,,,,,2024_1,,"6104100008003900","00",,
,"616697","0",,5.67248686934965,,"61041210030004","04","121","0004",MEMPAWAH,SADANIANG,RT 004 RW 02 DUSUN SATAK,,"003","61",,,BUMBUN,KALIMANTAN BARAT,,,,,,2024_1,,"6104121003000400","00",,
,"616705","0",,0.455877016679963,,"61041000020002","04","100","0002",MEMPAWAH,MEMPAWAH HILIR,RT 002 RW 01 DUSUN ABADI,,"002","61",,,KUALA SECAPAH,KALIMANTAN BARAT,,,,,,2024_1,,"6104100002000200","00",,
,"616696","0",,16.9033312421288,,"61041100092001","04","110","2001",MEMPAWAH,SUNGAI KUNYIT,HUTAN (005P),,"009","61",,,BUKIT BATU,KALIMANTAN BARAT,,,,,,2024_1,,"6104110009200100","00",,
,"616695","0",,1.40064581851312,,"61041200050007","04","120","0007",MEMPAWAH,TOHO,RT 007 RW 03 DUSUN SEPANG,,"005","61",,,SEPANG,KALIMANTAN BARAT,,,,,,2024_1,,"6104120005000700","00",,
,"616694","0",,0.080127518190793,,"61040900090057","04","090","0057",MEMPAWAH,SUNGAI PINYUH,RT 015 RW 006,,"009","61",,,SUNGAI PINYUH,KALIMANTAN BARAT,,,,,,2024_1,,"6104090009005700","00",,
,"616693","0",,2.34984682783263,,"61040800020004","04","080","0004",MEMPAWAH,JONGKAT,RT 001 RW 019 DUSUN DAENG MANAMBON,,"002","61",,,JUNGKAT,KALIMANTAN BARAT,,,,,,2024_1,,"6104080002000400","00",,
,"616692","0",,0.588773820447491,,"61041010070003","04","101","0003",MEMPAWAH,MEMPAWAH TIMUR,RT 016 RW 01 DUSUN GALAHERANG,,"007","61",,,SEJEGI,KALIMANTAN BARAT,,,,,,2024_1,,"6104101007000300","00",,
,"616691","0",,0.323820944079872,,"61041010070010","04","101","0010",MEMPAWAH,MEMPAWAH TIMUR,RT 014 RW 03 DUSUN BEMBAN,,"007","61",,,SEJEGI,KALIMANTAN BARAT,,,,,,2024_1,,"6104101007001000","00",,
,"616690","0",,0.639038559577861,,"61041010070002","04","101","0002",MEMPAWAH,MEMPAWAH TIMUR,RT 002 RW 01 DUSUN GALAHERANG,,"007","61",,,SEJEGI,KALIMANTAN BARAT,,,,,,2024_1,,"6104101007000200","00",,
,"616714","0",,0.151738213151888,,"61040900050004","04","090","0004",MEMPAWAH,SUNGAI PINYUH,RT 004 RW 02 DUSUN HILIR,,"005","61",,,GALANG,KALIMANTAN BARAT,,,,,,2024_1,,"6104090005000400","00",,
,"616689","0",,0.248783635795274,,"61041000150001","04","100","0001",MEMPAWAH,MEMPAWAH HILIR,RT 01 RW 01 DUSUN KURNIA,,"015","61",,,MALIKIAN,KALIMANTAN BARAT,,,,,,2024_1,,"6104100015000100","00",,
,"616688","0",,0.158356772326848,,"61041000140006","04","100","0006",MEMPAWAH,MEMPAWAH HILIR,RT 006 RW 003 DUSUN SUKA DAMAI,,"014","61",,,SENGKUBANG,KALIMANTAN BARAT,,,,,,2024_1,,"6104100014000600","00",,
,"616687","0",,0.317443118477964,,"61040900010007","04","090","0007",MEMPAWAH,SUNGAI PINYUH,RT 007 RW 04 DUSUN KARYA,,"001","61",,,SUNGAI PURUN KECIL,KALIMANTAN BARAT,,,,,,2024_1,,"6104090001000700","00",,
,"616686","0",,0.536827813480061,,"61040900030018","04","090","0018",MEMPAWAH,SUNGAI PINYUH,RT 018 RW 09 DUSUN DANAU,,"003","61",,,PENIRAMAN,KALIMANTAN BARAT,,,,,,2024_1,,"6104090003001800","00",,
,"616685","0",,0.745694683154781,,"61040900010006","04","090","0006",MEMPAWAH,SUNGAI PINYUH,RT 006 RW 03 DUSUN KARYA,,"001","61",,,SUNGAI PURUN KECIL,KALIMANTAN BARAT,,,,,,2024_1,,"6104090001000600","00",,
,"616681","0",,0.151216434634974,,"61040800040013","04","080","0013",MEMPAWAH,JONGKAT,RT 006 RW 09 DUSUN DURIAN,,"004","61",,,WAJOK HULU,KALIMANTAN BARAT,,,,,,2024_1,,"6104080004001300","00",,
,"616680","0",,0.144842731214772,,"61040900030004","04","090","0004",MEMPAWAH,SUNGAI PINYUH,RT 004 RW 02 DUSUN TERATAI,,"003","61",,,PENIRAMAN,KALIMANTAN BARAT,,,,,,2024_1,,"6104090003000400","00",,
,"616679","0",,0.419306632284689,,"61040900030002","04","090","0002",MEMPAWAH,SUNGAI PINYUH,RT 002 RW 01 DUSUN TERATAI,,"003","61",,,PENIRAMAN,KALIMANTAN BARAT,,,,,,2024_1,,"6104090003000200","00",,
,"616678","0",,0.218713039536662,,"61041200020002","04","120","0002",MEMPAWAH,TOHO,RT 002 RW 01 DUSUN MEKAR JAYA,,"002","61",,,SAMBORA,KALIMANTAN BARAT,,,,,,2024_1,,"6104120002000200","00",,
,"616713","0",,0.322180122814997,,"61040900050015","04","090","0015",MEMPAWAH,SUNGAI PINYUH,RT 015 RW 02 DUSUN HILIR,,"005","61",,,GALANG,KALIMANTAN BARAT,,,,,,2024_1,,"6104090005001500","00",,
,"616677","0",,0.10380076276545,,"61040810060011","04","081","0011",MEMPAWAH,SEGEDONG,RT 010 RW 002 DUSUN KARYA UTAMA,,"006","61",,,PENITI DALAM II,KALIMANTAN BARAT,,,,,,2024_1,,"6104081006001100","00",,
,"616676","0",,0.586808410596655,,"61040900050013","04","090","0013",MEMPAWAH,SUNGAI PINYUH,RT 006 RW 03 DUSUN TENGAH,,"005","61",,,GALANG,KALIMANTAN BARAT,,,,,,2024_1,,"6104090005001300","00",,
,"616675","0",,0.26489669833998,,"61041100080002","04","110","0002",MEMPAWAH,SUNGAI KUNYIT,RT 002 RW 01 DUSUN SEMAYAR,,"008","61",,,SUNGAI KUNYIT HULU,KALIMANTAN BARAT,,,,,,2024_1,,"6104110008000200","00",,
,"616674","0",,0.075842294159489,,"61041210060002","04","121","0002",MEMPAWAH,SADANIANG,RT 002 RW 01 DUSUN BARANGAN,,"006","61",,,SUAK BARANGAN,KALIMANTAN BARAT,,,,,,2024_1,,"6104121006000200","00",,
,"616673","0",,34.463017839083,,"61041210062001","04","121","2001",MEMPAWAH,SADANIANG,HUTAN,,"006","61",,,SUAK BARANGAN,KALIMANTAN BARAT,,,,,,2024_1,,"6104121006200100","00",,
,"616684","0",,0.313833183534655,,"61040900010015","04","090","0015",MEMPAWAH,SUNGAI PINYUH,RT 015 RW 08 DUSUN SEJAHTERA,,"001","61",,,SUNGAI PURUN KECIL,KALIMANTAN BARAT,,,,,,2024_1,,"6104090001001500","00",,
,"616683","0",,0.599590014945209,,"61040810050030","04","081","0030",MEMPAWAH,SEGEDONG,RT 003 RW 012 DUSUN KARYA UTAMA,,"005","61",,,PENITI BESAR,KALIMANTAN BARAT,,,,,,2024_1,,"6104081005003000","00",,
,"616672","0",,0.83067370584708,,"61041010080015","04","101","0015",MEMPAWAH,MEMPAWAH TIMUR,RT 015 RW 08 DUSUN PARIT BANJAR DARAT,,"008","61",,,PARIT BANJAR,KALIMANTAN BARAT,,,,,,2024_1,,"6104101008001500","00",,
,"616671","0",,0.226882639456593,,"61041210040002","04","121","0002",MEMPAWAH,SADANIANG,RT 002 RW 01 DUSUN AMAWANG,,"004","61",,,AMAWANG,KALIMANTAN BARAT,,,,,,2024_1,,"6104121004000200","00",,
,"616670","0",,0.504344126085869,,"61041210040001","04","121","0001",MEMPAWAH,SADANIANG,RT 001 RW 01 DUSUN AMAWANG,,"004","61",,,AMAWANG,KALIMANTAN BARAT,,,,,,2024_1,,"6104121004000100","00",,
,"616669","0",,0.404449547029254,,"61041010040011","04","101","0011",MEMPAWAH,MEMPAWAH TIMUR,RT 011 RW 06 DUSUN TEKAM BARU,,"004","61",,,PASIR PALEMBANG,KALIMANTAN BARAT,,,,,,2024_1,,"6104101004001100","00",,
,"616668","0",,0.298830148221733,,"61041010040013","04","101","0013",MEMPAWAH,MEMPAWAH TIMUR,RT 013 RW 06 DUSUN TEKAM BARU,,"004","61",,,PASIR PALEMBANG,KALIMANTAN BARAT,,,,,,2024_1,,"6104101004001300","00",,
,"616667","0",,0.732967641972992,,"61040800010012","04","080","0012",MEMPAWAH,JONGKAT,RT 010 RW 03 DUSUN MELATI,,"001","61",,,SUNGAI NIPAH,KALIMANTAN BARAT,,,,,,2024_1,,"6104080001001200","00",,
,"616666","0",,1.4373647253994,,"61040810050022","04","081","0022",MEMPAWAH,SEGEDONG,RT 004 RW 008 DUSUN KARYA BERSAMA,,"005","61",,,PENITI BESAR,KALIMANTAN BARAT,,,,,,2024_1,,"6104081005002200","00",,
,"616665","0",,0.496588619209226,,"61041010080013","04","101","0013",MEMPAWAH,MEMPAWAH TIMUR,RT 013 RW 07 DUSUN PARIT BANJAR DARAT,,"008","61",,,PARIT BANJAR,KALIMANTAN BARAT,,,,,,2024_1,,"6104101008001300","00",,
,"616664","0",,3.01636255116163,,"61041200070003","04","120","0003",MEMPAWAH,TOHO,RT 011 RW 01 DUSUN TERAP,,"007","61",,,TERAP,KALIMANTAN BARAT,,,,,,2024_1,,"6104120007000300","00",,
,"616682","0",,1.45403824515711,,"61040810050027","04","081","0027",MEMPAWAH,SEGEDONG,RT 004 RW 010 DUSUN TANI MAKMUR,,"005","61",,,PENITI BESAR,KALIMANTAN BARAT,,,,,,2024_1,,"6104081005002700","00",,
,"616282","0",,1.64202570235756,,"61041100010013","04","110","0013",MEMPAWAH,SUNGAI KUNYIT,RT 013 RW 07 DUSUN LESTARI,,"001","61",,,SEMUDUN,KALIMANTAN BARAT,,,,,,2024_1,,"6104110001001300","00",,
,"616280","0",,0.068675074101914,,"61040900110003","04","090","0003",MEMPAWAH,SUNGAI PINYUH,RT 003 RW 01 DUSUN BARAT,,"011","61",,,SUNGAI BAKAU BESAR LAUT,KALIMANTAN BARAT,,,,,,2024_1,,"6104090011000300","00",,
,"616279","0",,0.281555628203188,,"61040900110002","04","090","0002",MEMPAWAH,SUNGAI PINYUH,RT 002 RW 01 DUSUN BARAT,,"011","61",,,SUNGAI BAKAU BESAR LAUT,KALIMANTAN BARAT,,,,,,2024_1,,"6104090011000200","00",,
,"616277","0",,0.330248887643901,,"61041010080003","04","101","0003",MEMPAWAH,MEMPAWAH TIMUR,RT 003 RW 02 DUSUN PARIT BANJAR LAUT,,"008","61",,,PARIT BANJAR,KALIMANTAN BARAT,,,,,,2024_1,,"6104101008000300","00",,
,"616276","0",,0.053826887601769,,"61041000150006","04","100","0006",MEMPAWAH,MEMPAWAH HILIR,RT 06 RW 03 DUSUN MENTARI,,"015","61",,,MALIKIAN,KALIMANTAN BARAT,,,,,,2024_1,,"6104100015000600","00",,
,"616275","0",,0.442285767464027,,"61041000070007","04","100","0007",MEMPAWAH,MEMPAWAH HILIR,RT 007 RW 03,,"007","61",,,TENGAH,KALIMANTAN BARAT,,,,,,2024_1,,"6104100007000700","00",,
,"616286","0",,4.27418151105771,,"61041200022002","04","120","2002",MEMPAWAH,TOHO,HUTAN,,"002","61",,,SAMBORA,KALIMANTAN BARAT,,,,,,2024_1,,"6104120002200200","00",,
,"616274","0",,0.151792428879267,,"61040810010018","04","081","0018",MEMPAWAH,SEGEDONG,RT 018 RW 005 DUSUN AMBO PINANG,,"001","61",,,PENITI DALAM I,KALIMANTAN BARAT,,,,,,2024_1,,"6104081001001800","00",,
,"616273","0",,1.1494878489865,,"61041100090001","04","110","0001",MEMPAWAH,SUNGAI KUNYIT,RT 001 RW 01 DUSUN KARYA UTAMA,,"009","61",,,BUKIT BATU,KALIMANTAN BARAT,,,,,,2024_1,,"6104110009000100","00",,
,"616272","0",,0.708649589992116,,"61041100090004","04","110","0004",MEMPAWAH,SUNGAI KUNYIT,RT 004 RW 01 DUSUN KARYA UTAMA,,"009","61",,,BUKIT BATU,KALIMANTAN BARAT,,,,,,2024_1,,"6104110009000400","00",,
,"616271","0",,0.019007527571193,,"61040800040025","04","080","0025",MEMPAWAH,JONGKAT,RT 011 RW 06 DUSUN KUNYIT,,"004","61",,,WAJOK HULU,KALIMANTAN BARAT,,,,,,2024_1,,"6104080004002500","00",,
,"616270","0",,0.293520697639961,,"61040800030001","04","080","0001",MEMPAWAH,JONGKAT,RT 001 RW 01 DUSUN JERUK,,"003","61",,,WAJOK HILIR,KALIMANTAN BARAT,,,,,,2024_1,,"6104080003000100","00",,
,"616269","0",,0.017161500633304,,"61040800040056","04","080","0056",MEMPAWAH,JONGKAT,RT 002 RW 09 DUSUN TELUK DALAM,,"004","61",,,WAJOK HULU,KALIMANTAN BARAT,,,,,,2024_1,,"6104080004005600","00",,
,"616268","0",,0.283556743541849,,"61041010060010","04","101","0010",MEMPAWAH,MEMPAWAH TIMUR,RT 010 RW 03 DUSUN HARAPAN,,"006","61",,,ANTIBAR,KALIMANTAN BARAT,,,,,,2024_1,,"6104101006001000","00",,
,"616267","0",,3.59532118271636,,"61040910050005","04","091","0005",MEMPAWAH,ANJONGAN,RT 003 RW 02 DUSUN DEMA,,"005","61",,,DEMA,KALIMANTAN BARAT,,,,,,2024_1,,"6104091005000500","00",,
,"616266","0",,1.61618170230946,,"61040810020004","04","081","0004",MEMPAWAH,SEGEDONG,RT 004 RW 001 DUSUN SUBUR 1,,"002","61",,,SUNGAI BURUNG,KALIMANTAN BARAT,,,,,,2024_1,,"6104081002000400","00",,
,"616265","0",,1.36919733715822,,"61040810021004","04","081","1004",MEMPAWAH,SEGEDONG,SAWAH,,"002","61",,,SUNGAI BURUNG,KALIMANTAN BARAT,,,,,,2024_1,,"6104081002100400","00",,
,"616264","0",,0.224085723729114,,"61041000020009","04","100","0009",MEMPAWAH,MEMPAWAH HILIR,RT 009 RW 05 DUSUN KARYA,,"002","61",,,KUALA SECAPAH,KALIMANTAN BARAT,,,,,,2024_1,,"6104100002000900","00",,
,"616263","0",,0.271826785565671,,"61040900030008","04","090","0008",MEMPAWAH,SUNGAI PINYUH,RT 008 RW 04 DUSUN BABUSSALAM,,"003","61",,,PENIRAMAN,KALIMANTAN BARAT,,,,,,2024_1,,"6104090003000800","00",,
,"616262","0",,0.524084385722425,,"61040800040060","04","080","0060",MEMPAWAH,JONGKAT,RT 002 RW 10 DUSUN TELUK DALAM,,"004","61",,,WAJOK HULU,KALIMANTAN BARAT,,,,,,2024_1,,"6104080004006000","00",,
,"616261","0",,50.7217009138783,,"61040800041001","04","080","1001",MEMPAWAH,JONGKAT,KEBUN SAWIT,,"004","61",,,WAJOK HULU,KALIMANTAN BARAT,,,,,,2024_1,,"6104080004100100","00",,
,"616260","0",,0.069373078695869,,"61040800040047","04","080","0047",MEMPAWAH,JONGKAT,RT 008 RW 05 DUSUN PANDAN,,"004","61",,,WAJOK HULU,KALIMANTAN BARAT,,,,,,2024_1,,"6104080004004700","00",,
,"616259","0",,0.34517664309977,,"61041010032001","04","101","2001",MEMPAWAH,MEMPAWAH TIMUR,BLOK PERSIAPAN,,"003","61",,,PASIR PANJANG,KALIMANTAN BARAT,,,,,,2024_1,,"6104101003200100","00",,
,"616258","0",,1.11520460526414,,"61041000020001","04","100","0001",MEMPAWAH,MEMPAWAH HILIR,RT 001 RW 01 DUSUN ABADI,,"002","61",,,KUALA SECAPAH,KALIMANTAN BARAT,,,,,,2024_1,,"6104100002000100","00",,
,"616257","0",,1.19414671961317,,"61041100040009","04","110","0009",MEMPAWAH,SUNGAI KUNYIT,RT 009 RW 03 DUSUN SATRYA,,"004","61",,,SUNGAI DUNGUN,KALIMANTAN BARAT,,,,,,2024_1,,"6104110004000900","00",,
,"616256","0",,0.030196298718826,,"61040800040046","04","080","0046",MEMPAWAH,JONGKAT,RT 007 RW 05 DUSUN PANDAN,,"004","61",,,WAJOK HULU,KALIMANTAN BARAT,,,,,,2024_1,,"6104080004004600","00",,
,"616255","0",,0.163395873298586,,"61040900030015","04","090","0015",MEMPAWAH,SUNGAI PINYUH,RT 015 RW 07 DUSUN PENIRAMAN DALAM,,"003","61",,,PENIRAMAN,KALIMANTAN BARAT,,,,,,2024_1,,"6104090003001500","00",,
,"616254","0",,0.228638277826462,,"61041010041002","04","101","1002",MEMPAWAH,MEMPAWAH TIMUR,PERKEBUNAN,,"004","61",,,PASIR PALEMBANG,KALIMANTAN BARAT,,,,,,2024_1,,"6104101004100200","00",,
,"616253","0",,0.896729790313121,,"61041000020013","04","100","0013",MEMPAWAH,MEMPAWAH HILIR,RT 013 RW 07 DUSUN HARAPAN,,"002","61",,,KUALA SECAPAH,KALIMANTAN BARAT,,,,,,2024_1,,"6104100002001300","00",,
,"616252","0",,0.009638678031891,,"61041100010002","04","110","0002",MEMPAWAH,SUNGAI KUNYIT,RT 002 RW 01 DUSUN INDAH,,"001","61",,,SEMUDUN,KALIMANTAN BARAT,,,,,,2024_1,,"6104110001000200","00",,
,"616251","0",,0.052642057872807,,"61041100010010","04","110","0010",MEMPAWAH,SUNGAI KUNYIT,RT 010 RW 05 DUSUN SEJAHTERA,,"001","61",,,SEMUDUN,KALIMANTAN BARAT,,,,,,2024_1,,"6104110001001000","00",,
,"616285","0",,0.163459526198337,,"61041000150025","04","100","0025",MEMPAWAH,MEMPAWAH HILIR,RT 25 RW 09 DUSUN PASIR,,"015","61",,,MALIKIAN,KALIMANTAN BARAT,,,,,,2024_1,,"6104100015002500","00",,
,"616250","0",,0.987599409848719,,"61041100090006","04","110","0006",MEMPAWAH,SUNGAI KUNYIT,RT 006 RW 02 DUSUN SERAI WANGI,,"009","61",,,BUKIT BATU,KALIMANTAN BARAT,,,,,,2024_1,,"6104110009000600","00",,
,"616249","0",,0.041636248556686,,"61040900040005","04","090","0005",MEMPAWAH,SUNGAI PINYUH,RT 002 RW 02 DUSUN 01,,"004","61",,,NUSAPATI,KALIMANTAN BARAT,,,,,,2024_1,,"6104090004000500","00",,
,"616248","0",,0.012755880087238,,"61041100110011","04","110","0011",MEMPAWAH,SUNGAI KUNYIT,RT 009 RW 03 DUSUN SUTRA,,"011","61",,,SUNGAI DURI I,KALIMANTAN BARAT,,,,,,2024_1,,"6104110011001100","00",,
,"616247","0",,0.666653932950813,,"61041010040001","04","101","0001",MEMPAWAH,MEMPAWAH TIMUR,RT 001 RW 01 DUSUN PELAIK,,"004","61",,,PASIR PALEMBANG,KALIMANTAN BARAT,,,,,,2024_1,,"6104101004000100","00",,
,"616281","0",,0.646044661760759,,"61041100040004","04","110","0004",MEMPAWAH,SUNGAI KUNYIT,RT 004 RW 02 DUSUN DUTA,,"004","61",,,SUNGAI DUNGUN,KALIMANTAN BARAT,,,,,,2024_1,,"6104110004000400","00",,
,"616246","0",,0.33143478492661,,"61040900030007","04","090","0007",MEMPAWAH,SUNGAI PINYUH,RT 007 RW 04 DUSUN BABUSSALAM,,"003","61",,,PENIRAMAN,KALIMANTAN BARAT,,,,,,2024_1,,"6104090003000700","00",,
,"616245","0",,0.549571573315064,,"61041010040003","04","101","0003",MEMPAWAH,MEMPAWAH TIMUR,RT 003 RW 02 DUSUN PELAIK,,"004","61",,,PASIR PALEMBANG,KALIMANTAN BARAT,,,,,,2024_1,,"6104101004000300","00",,
,"616244","0",,0.042563625150635,,"61040910060005","04","091","0005",MEMPAWAH,ANJONGAN,RT 005 RW 01 DUSUN BILADO,,"006","61",,,KEPAYANG,KALIMANTAN BARAT,,,,,,2024_1,,"6104091006000500","00",,
,"616243","0",,0.169058889862958,,"61040910050012","04","091","0012",MEMPAWAH,ANJONGAN,RT 009 RW 03 DUSUN PINYUH KERSIK,,"005","61",,,DEMA,KALIMANTAN BARAT,,,,,,2024_1,,"6104091005001200","00",,
,"616242","0",,0.405881929335278,,"61040910040008","04","091","0008",MEMPAWAH,ANJONGAN,RT 008 RW 02 DUSUN PAK BULU,,"004","61",,,PAK BULU,KALIMANTAN BARAT,,,,,,2024_1,,"6104091004000800","00",,
,"616239","0",,38.4244288904035,,"61040900011001","04","090","1001",MEMPAWAH,SUNGAI PINYUH,PERKEBUNAN SAWIT,,"001","61",,,SUNGAI PURUN KECIL,KALIMANTAN BARAT,,,,,,2024_1,,"6104090001100100","00",,
,"616238","0",,0.011503149150712,,"61041000080026","04","100","0026",MEMPAWAH,MEMPAWAH HILIR,RT 009 RW 11,,"008","61",,,TERUSAN,KALIMANTAN BARAT,,,,,,2024_1,,"6104100008002600","00",,
,"616237","0",,0.274023773651836,,"61041010040002","04","101","0002",MEMPAWAH,MEMPAWAH TIMUR,RT 002 RW 01 DUSUN PELAIK,,"004","61",,,PASIR PALEMBANG,KALIMANTAN BARAT,,,,,,2024_1,,"6104101004000200","00",,
,"616236","0",,0.064970966398662,,"61041010030005","04","101","0005",MEMPAWAH,MEMPAWAH TIMUR,RT 005 RW 03 DUSUN PEMATANG PASIR,,"003","61",,,PASIR PANJANG,KALIMANTAN BARAT,,,,,,2024_1,,"6104101003000500","00",,
,"616235","0",,0.156551997399503,,"61041010030002","04","101","0002",MEMPAWAH,MEMPAWAH TIMUR,RT 002 RW 01 DUSUN PASIR MANDAR,,"003","61",,,PASIR PANJANG,KALIMANTAN BARAT,,,,,,2024_1,,"6104101003000200","00",,
,"616234","0",,0.273135361227904,,"61041100081002","04","110","1002",MEMPAWAH,SUNGAI KUNYIT,HUTAN,,"008","61",,,SUNGAI KUNYIT HULU,KALIMANTAN BARAT,,,,,,2024_1,,"6104110008100200","00",,
,"616233","0",,0.320833977446208,,"61041100080009","04","110","0009",MEMPAWAH,SUNGAI KUNYIT,RT 009 RW 03 DUSUN SEKIP I,,"008","61",,,SUNGAI KUNYIT HULU,KALIMANTAN BARAT,,,,,,2024_1,,"6104110008000900","00",,
,"616232","0",,30.3886278901635,,"61041100082001","04","110","2001",MEMPAWAH,SUNGAI KUNYIT,HUTAN,,"008","61",,,SUNGAI KUNYIT HULU,KALIMANTAN BARAT,,,,,,2024_1,,"6104110008200100","00",,
,"616220","0",,0.024901206595102,,"61040800040001","04","080","0001",MEMPAWAH,JONGKAT,RT 002 RW 04 DUSUN BRAHIMA,,"004","61",,,WAJOK HULU,KALIMANTAN BARAT,,,,,,2024_1,,"6104080004000100","00",,
,"616219","0",,9.33464346173069,,"61040900051001","04","090","1001",MEMPAWAH,SUNGAI PINYUH,KEBUN,,"005","61",,,GALANG,KALIMANTAN BARAT,,,,,,2024_1,,"6104090005100100","00",,
,"616229","0",,0.053448172886,,"61040800040070","04","080","0070",MEMPAWAH,JONGKAT,RT 001 RW 13 DUSUN DURIAN,,"004","61",,,WAJOK HULU,KALIMANTAN BARAT,,,,,,2024_1,,"6104080004007000","00",,
,"616228","0",,0.959140706836111,,"61040900010016","04","090","0016",MEMPAWAH,SUNGAI PINYUH,RT 016 RW 08 DUSUN SEJAHTERA,,"001","61",,,SUNGAI PURUN KECIL,KALIMANTAN BARAT,,,,,,2024_1,,"6104090001001600","00",,
,"616227","0",,0.05411396986716,,"61040900110011","04","090","0011",MEMPAWAH,SUNGAI PINYUH,RT 015 RW 03 DUSUN TIMUR,,"011","61",,,SUNGAI BAKAU BESAR LAUT,KALIMANTAN BARAT,,,,,,2024_1,,"6104090011001100","00",,
,"616226","0",,1.43019669703961,,"61040900112002","04","090","2002",MEMPAWAH,SUNGAI PINYUH,HUTAN,,"011","61",,,SUNGAI BAKAU BESAR LAUT,KALIMANTAN BARAT,,,,,,2024_1,,"6104090011200200","00",,
,"616225","0",,0.923648748720791,,"61040900030013","04","090","0013",MEMPAWAH,SUNGAI PINYUH,RT 013 RW 06 DUSUN SUI DAYAK,,"003","61",,,PENIRAMAN,KALIMANTAN BARAT,,,,,,2024_1,,"6104090003001300","00",,
,"616218","0",,0.013382728092183,,"61040900090010","04","090","0010",MEMPAWAH,SUNGAI PINYUH,RT 004 RW 002,,"009","61",,,SUNGAI PINYUH,KALIMANTAN BARAT,,,,,,2024_1,,"6104090009001000","00",,
,"616217","0",,0.271408293042487,,"61040800040071","04","080","0071",MEMPAWAH,JONGKAT,RT 002 RW 13 DUSUN DURIAN,,"004","61",,,WAJOK HULU,KALIMANTAN BARAT,,,,,,2024_1,,"6104080004007100","00",,
,"616216","0",,1.28457931289852,,"61040900032001","04","090","2001",MEMPAWAH,SUNGAI PINYUH,HUTAN,,"003","61",,,PENIRAMAN,KALIMANTAN BARAT,,,,,,2024_1,,"6104090003200100","00",,
,"616215","0",,0.226613901181931,,"61041100080007","04","110","0007",MEMPAWAH,SUNGAI KUNYIT,RT 007 RW 02 DUSUN SEKIP II,,"008","61",,,SUNGAI KUNYIT HULU,KALIMANTAN BARAT,,,,,,2024_1,,"6104110008000700","00",,
,"616214","0",,0.500154862042224,,"61040900040001","04","090","0001",MEMPAWAH,SUNGAI PINYUH,RT 001 RW 01 DUSUN 01,,"004","61",,,NUSAPATI,KALIMANTAN BARAT,,,,,,2024_1,,"6104090004000100","00",,
,"616213","0",,0.176903116325381,,"61040900040006","04","090","0006",MEMPAWAH,SUNGAI PINYUH,RT 003 RW 02 DUSUN 01,,"004","61",,,NUSAPATI,KALIMANTAN BARAT,,,,,,2024_1,,"6104090004000600","00",,
,"616212","0",,1.87637993356987,,"61040900042004","04","090","2004",MEMPAWAH,SUNGAI PINYUH,HUTAN,,"004","61",,,NUSAPATI,KALIMANTAN BARAT,,,,,,2024_1,,"6104090004200400","00",,
,"616211","0",,50.7132839370744,,"61041210022002","04","121","2002",MEMPAWAH,SADANIANG,HUTAN,,"002","61",,,SEKABUK,KALIMANTAN BARAT,,,,,,2024_1,,"6104121002200200","00",,
,"616231","0",,4.94568944729828,,"61040900012002","04","090","2002",MEMPAWAH,SUNGAI PINYUH,HUTAN,,"001","61",,,SUNGAI PURUN KECIL,KALIMANTAN BARAT,,,,,,2024_1,,"6104090001200200","00",,
,"616224","0",,1.47175883872415,,"61040900032002","04","090","2002",MEMPAWAH,SUNGAI PINYUH,HUTAN,,"003","61",,,PENIRAMAN,KALIMANTAN BARAT,,,,,,2024_1,,"6104090003200200","00",,
,"616223","0",,0.460575333751707,,"61040900030012","04","090","0012",MEMPAWAH,SUNGAI PINYUH,RT 012 RW 06 DUSUN SUI DAYAK,,"003","61",,,PENIRAMAN,KALIMANTAN BARAT,,,,,,2024_1,,"6104090003001200","00",,
,"616210","0",,0.220063789996014,,"61041100010005","04","110","0005",MEMPAWAH,SUNGAI KUNYIT,RT 005 RW 03 DUSUN PERMAI,,"001","61",,,SEMUDUN,KALIMANTAN BARAT,,,,,,2024_1,,"6104110001000500","00",,
,"616209","0",,0.087456725075623,,"61040900040002","04","090","0002",MEMPAWAH,SUNGAI PINYUH,RT 002 RW 01 DUSUN 01,,"004","61",,,NUSAPATI,KALIMANTAN BARAT,,,,,,2024_1,,"6104090004000200","00",,
,"616208","0",,0.074119590766936,,"61041210020005","04","121","0005",MEMPAWAH,SADANIANG,RT 005 RW 03 DUSUN PAK NUNGKAT,,"002","61",,,SEKABUK,KALIMANTAN BARAT,,,,,,2024_1,,"6104121002000500","00",,
,"616207","0",,0.555446406527217,,"61041210020003","04","121","0003",MEMPAWAH,SADANIANG,RT 003 RW 02 DUSUN PAK NUNGKAT,,"002","61",,,SEKABUK,KALIMANTAN BARAT,,,,,,2024_1,,"6104121002000300","00",,
,"616206","0",,0.603861351475573,,"61041210020002","04","121","0002",MEMPAWAH,SADANIANG,RT 002 RW 01 DUSUN SEKABUK,,"002","61",,,SEKABUK,KALIMANTAN BARAT,,,,,,2024_1,,"6104121002000200","00",,
,"616205","0",,13.5416200248791,,"61041210061005","04","121","1005",MEMPAWAH,SADANIANG,HUTAN,,"006","61",,,SUAK BARANGAN,KALIMANTAN BARAT,,,,,,2024_1,,"6104121006100500","00",,
,"616230","0",,0.711245229720541,,"61040800041003","04","080","1003",MEMPAWAH,JONGKAT,KEBUN,,"004","61",,,WAJOK HULU,KALIMANTAN BARAT,,,,,,2024_1,,"6104080004100300","00",,
,"616204","0",,12.362430733744,,"61041210061004","04","121","1004",MEMPAWAH,SADANIANG,HUTAN,,"006","61",,,SUAK BARANGAN,KALIMANTAN BARAT,,,,,,2024_1,,"6104121006100400","00",,
,"616222","0",,0.142932791680138,,"61040900030009","04","090","0009",MEMPAWAH,SUNGAI PINYUH,RT 009 RW 05 DUSUN BABUSSALAM,,"003","61",,,PENIRAMAN,KALIMANTAN BARAT,,,,,,2024_1,,"6104090003000900","00",,
,"616203","0",,0.017861781142099,,"61040800020051","04","080","0051",MEMPAWAH,JONGKAT,RT 004 RW 010 DUSUN RADEN TAUFIK,,"002","61",,,JUNGKAT,KALIMANTAN BARAT,,,,,,2024_1,,"6104080002005100","00",,
,"616202","0",,0.118446125055544,,"61040900030006","04","090","0006",MEMPAWAH,SUNGAI PINYUH,RT 006 RW 03 DUSUN BABUSSALAM,,"003","61",,,PENIRAMAN,KALIMANTAN BARAT,,,,,,2024_1,,"6104090003000600","00",,
,"616201","0",,0.070589713757105,,"61040900040024","04","090","0024",MEMPAWAH,SUNGAI PINYUH,RT 004 RW 02 DUSUN 01,,"004","61",,,NUSAPATI,KALIMANTAN BARAT,,,,,,2024_1,,"6104090004002400","00",,
,"616200","0",,0.121034991383522,,"61040900050003","04","090","0003",MEMPAWAH,SUNGAI PINYUH,RT 003 RW 01 DUSUN UTARA,,"005","61",,,GALANG,KALIMANTAN BARAT,,,,,,2024_1,,"6104090005000300","00",,
,"616199","0",,34.8916320225911,,"61041210012001","04","121","2001",MEMPAWAH,SADANIANG,HUTAN,,"001","61",,,PENTEK,KALIMANTAN BARAT,,,,,,2024_1,,"6104121001200100","00",,
,"616241","0",,0.274966155205545,,"61041000120002","04","100","0002",MEMPAWAH,MEMPAWAH HILIR,RT 002 RW 01 DUSUN LESTARI,,"012","61",,,PASIR,KALIMANTAN BARAT,,,,,,2024_1,,"6104100012000200","00",,
,"616198","0",,19.5399192204844,,"61041210052003","04","121","2003",MEMPAWAH,SADANIANG,HUTAN,,"005","61",,,ANSIAP,KALIMANTAN BARAT,,,,,,2024_1,,"6104121005200300","00",,
,"616197","0",,0.159162375434317,,"61041210010007","04","121","0007",MEMPAWAH,SADANIANG,RT 007 RW 03 DUSUN UNTANG,,"001","61",,,PENTEK,KALIMANTAN BARAT,,,,,,2024_1,,"6104121001000700","00",,
,"616196","0",,2.66622138369623,,"61041210012003","04","121","2003",MEMPAWAH,SADANIANG,HUTAN,,"001","61",,,PENTEK,KALIMANTAN BARAT,,,,,,2024_1,,"6104121001200300","00",,
,"616194","0",,0.060726676184847,,"61040800020048","04","080","0048",MEMPAWAH,JONGKAT,RT 001 RW 010 DUSUN RADEN TAUFIK,,"002","61",,,JUNGKAT,KALIMANTAN BARAT,,,,,,2024_1,,"6104080002004800","00",,
,"616193","0",,0.493308136362817,,"61041210010011","04","121","0011",MEMPAWAH,SADANIANG,RT 010 RW 04 DUSUN PENYUAK,,"001","61",,,PENTEK,KALIMANTAN BARAT,,,,,,2024_1,,"6104121001001100","00",,
,"616192","0",,0.161503785126112,,"61041210010012","04","121","0012",MEMPAWAH,SADANIANG,RT 011 RW 04 DUSUN PENYUAK,,"001","61",,,PENTEK,KALIMANTAN BARAT,,,,,,2024_1,,"6104121001001200","00",,
,"616191","0",,0.633633281306464,,"61041210040008","04","121","0008",MEMPAWAH,SADANIANG,RT 011 RW 03 DUSUN PELANJAU,,"004","61",,,AMAWANG,KALIMANTAN BARAT,,,,,,2024_1,,"6104121004000800","00",,
,"616190","0",,2.13214415124709,,"61040800031007","04","080","1007",MEMPAWAH,JONGKAT,PERKEBUNAN SAWIT,,"003","61",,,WAJOK HILIR,KALIMANTAN BARAT,,,,,,2024_1,,"6104080003100700","00",,
,"616189","0",,0.512830803604198,,"61040800030039","04","080","0039",MEMPAWAH,JONGKAT,RT 002 RW 10 DUSUN PALAWIJA,,"003","61",,,WAJOK HILIR,KALIMANTAN BARAT,,,,,,2024_1,,"6104080003003900","00",,
,"616188","0",,2.5929228094135,,"61040910021002","04","091","1002",MEMPAWAH,ANJONGAN,KEBUN SAWIT,,"002","61",,,ANJUNGAN MELANCAR,KALIMANTAN BARAT,,,,,,2024_1,,"6104091002100200","00",,
,"616240","0",,6.28971907659498,,"61040810050031","04","081","0031",MEMPAWAH,SEGEDONG,RT 004 RW 012 DUSUN KARYA UTAMA,,"005","61",,,PENITI BESAR,KALIMANTAN BARAT,,,,,,2024_1,,"6104081005003100","00",,
,"616186","0",,1.34075069401158,,"61040810030002","04","081","0002",MEMPAWAH,SEGEDONG,RT 002 RW 01 DUSUN NELAYAN,,"003","61",,,SUNGAI PURUN BESAR,KALIMANTAN BARAT,,,,,,2024_1,,"6104081003000200","00",,
,"616185","0",,0.149614853585356,,"61040810020006","04","081","0006",MEMPAWAH,SEGEDONG,RT 001 RW 002 DUSUN SUBUR 2,,"002","61",,,SUNGAI BURUNG,KALIMANTAN BARAT,,,,,,2024_1,,"6104081002000600","00",,
,"616184","0",,0.283713591949137,,"61040810020007","04","081","0007",MEMPAWAH,SEGEDONG,RT 002 RW 002 DUSUN SUBUR 2,,"002","61",,,SUNGAI BURUNG,KALIMANTAN BARAT,,,,,,2024_1,,"6104081002000700","00",,
,"616183","0",,0.830099475888765,,"61040810020009","04","081","0009",MEMPAWAH,SEGEDONG,RT 004 RW 002 DUSUN SUBUR 2,,"002","61",,,SUNGAI BURUNG,KALIMANTAN BARAT,,,,,,2024_1,,"6104081002000900","00",,
,"616180","0",,0.722499994334577,,"61041010041003","04","101","1003",MEMPAWAH,MEMPAWAH TIMUR,PERKEBUNAN,,"004","61",,,PASIR PALEMBANG,KALIMANTAN BARAT,,,,,,2024_1,,"6104101004100300","00",,
,"616179","0",,0.601253296518611,,"61041010040004","04","101","0004",MEMPAWAH,MEMPAWAH TIMUR,RT 004 RW 02 DUSUN PELAIK,,"004","61",,,PASIR PALEMBANG,KALIMANTAN BARAT,,,,,,2024_1,,"6104101004000400","00",,
,"616178","0",,53.5776411474743,,"61041000142001","04","100","2001",MEMPAWAH,MEMPAWAH HILIR,HUTAN  DIBELAKANG RT TERAKHIR SENGKUBANG,,"014","61",,,SENGKUBANG,KALIMANTAN BARAT,,,,,,2024_1,,"6104100014200100","00",,
,"616173","0",,0.221167707411774,,"61040810020008","04","081","0008",MEMPAWAH,SEGEDONG,RT 003 RW 002 DUSUN SUBUR 2,,"002","61",,,SUNGAI BURUNG,KALIMANTAN BARAT,,,,,,2024_1,,"6104081002000800","00",,
,"616172","0",,0.579562511529914,,"61041000140009","04","100","0009",MEMPAWAH,MEMPAWAH HILIR,RT 009 RW 004 DUSUN SIMPANG TIGA,,"014","61",,,SENGKUBANG,KALIMANTAN BARAT,,,,,,2024_1,,"6104100014000900","00",,
,"616171","0",,0.428860246993156,,"61041000140015","04","100","0015",MEMPAWAH,MEMPAWAH HILIR,RT 015 RW 007 DUSUN PARIT SENIN,,"014","61",,,SENGKUBANG,KALIMANTAN BARAT,,,,,,2024_1,,"6104100014001500","00",,
,"616170","0",,0.104705868948683,,"61041000140014","04","100","0014",MEMPAWAH,MEMPAWAH HILIR,RT 014 RW 007 DUSUN PARIT SENIN,,"014","61",,,SENGKUBANG,KALIMANTAN BARAT,,,,,,2024_1,,"6104100014001400","00",,
,"616169","0",,0.21570918776846,,"61041000140013","04","100","0013",MEMPAWAH,MEMPAWAH HILIR,RT 013 RW 006 DUSUN PARIT SENIN,,"014","61",,,SENGKUBANG,KALIMANTAN BARAT,,,,,,2024_1,,"6104100014001300","00",,
,"616168","0",,0.482614675912706,,"61041000140011","04","100","0011",MEMPAWAH,MEMPAWAH HILIR,RT 011 RW 005 DUSUN SIMPANG TIGA,,"014","61",,,SENGKUBANG,KALIMANTAN BARAT,,,,,,2024_1,,"6104100014001100","00",,
,"616166","0",,0.407057477355507,,"61041000140010","04","100","0010",MEMPAWAH,MEMPAWAH HILIR,RT 010 RW 005 DUSUN SIMPANG TIGA,,"014","61",,,SENGKUBANG,KALIMANTAN BARAT,,,,,,2024_1,,"6104100014001000","00",,
,"616165","0",,2.3642189654268,,"61041000131001","04","100","1001",MEMPAWAH,MEMPAWAH HILIR,KEBUN,,"013","61",,,PENIBUNG,KALIMANTAN BARAT,,,,,,2024_1,,"6104100013100100","00",,
,"616164","0",,3.00720874148677,,"61040910042001","04","091","2001",MEMPAWAH,ANJONGAN,NON SLS PAK BULU,,"004","61",,,PAK BULU,KALIMANTAN BARAT,,,,,,2024_1,,"6104091004200100","00",,
,"616187","0",,1.84486641300334,,"61040910021003","04","091","1003",MEMPAWAH,ANJONGAN,KEBUN SAWIT,,"002","61",,,ANJUNGAN MELANCAR,KALIMANTAN BARAT,,,,,,2024_1,,"6104091002100300","00",,
,"616177","0",,4.60006288682167,,"61040810031001","04","081","1001",MEMPAWAH,JONGKAT,SAWAH,,"003","61",,,SUNGAI PURUN BESAR,KALIMANTAN BARAT,,,,,,2024_1,,"6104081003100100","00",,
,"616175","0",,1.57216208616052,,"61040810030003","04","081","0003",MEMPAWAH,SEGEDONG,RT 003 RW 01 DUSUN NELAYAN,,"003","61",,,SUNGAI PURUN BESAR,KALIMANTAN BARAT,,,,,,2024_1,,"6104081003000300","00",,
,"616221","0",,0.176188409076669,,"61040900030003","04","090","0003",MEMPAWAH,SUNGAI PINYUH,RT 003 RW 02 DUSUN TERATAI,,"003","61",,,PENIRAMAN,KALIMANTAN BARAT,,,,,,2024_1,,"6104090003000300","00",,
,"616182","0",,0.033259704388295,,"61041010020036","04","101","0036",MEMPAWAH,MEMPAWAH TIMUR,RT 036 RW 03 DUSUN BENTENG TIMUR,,"002","61",,,SUNGAI BAKAU KECIL,KALIMANTAN BARAT,,,,,,2024_1,,"6104101002003600","00",,
,"616163","0",,0.5093097557181,,"61041000130002","04","100","0002",MEMPAWAH,MEMPAWAH HILIR,RT 02 RW 01 DUSUN MELAYU,,"013","61",,,PENIBUNG,KALIMANTAN BARAT,,,,,,2024_1,,"6104100013000200","00",,
,"616162","0",,0.598510650485049,,"61041000130001","04","100","0001",MEMPAWAH,MEMPAWAH HILIR,RT 01 RW 01 DUSUN MELAYU,,"013","61",,,PENIBUNG,KALIMANTAN BARAT,,,,,,2024_1,,"6104100013000100","00",,
,"616161","0",,0.249700048419008,,"61041000150015","04","100","0015",MEMPAWAH,MEMPAWAH HILIR,RT 15 RW 06 DUSUN BAMBU,,"015","61",,,MALIKIAN,KALIMANTAN BARAT,,,,,,2024_1,,"6104100015001500","00",,
,"616160","0",,11.4974127947315,,"61041200072001","04","120","2001",MEMPAWAH,TOHO,NON SLS TERAP (HUTAN),,"007","61",,,TERAP,KALIMANTAN BARAT,,,,,,2024_1,,"6104120007200100","00",,
,"616159","0",,0.594288389248716,,"61041200070012","04","120","0012",MEMPAWAH,TOHO,RT 008 RW 04 DUSUN BALA,,"007","61",,,TERAP,KALIMANTAN BARAT,,,,,,2024_1,,"6104120007001200","00",,
,"616158","0",,8.60245270524355,,"61041200022001","04","120","2001",MEMPAWAH,TOHO,HUTAN,,"002","61",,,SAMBORA,KALIMANTAN BARAT,,,,,,2024_1,,"6104120002200100","00",,
,"616157","0",,0.417808431505266,,"61041200020013","04","120","0013",MEMPAWAH,TOHO,RT 010 RW 04 DUSUN TUNAS JAYA,,"002","61",,,SAMBORA,KALIMANTAN BARAT,,,,,,2024_1,,"6104120002001300","00",,
,"616156","0",,0.042049417727809,,"61040900040004","04","090","0004",MEMPAWAH,SUNGAI PINYUH,RT 001 RW 02 DUSUN 01,,"004","61",,,NUSAPATI,KALIMANTAN BARAT,,,,,,2024_1,,"6104090004000400","00",,
,"616155","0",,0.63436598115722,,"61041200030004","04","120","0004",MEMPAWAH,TOHO,RT 004 RW 02 DUSUN BENUAN JAYA,,"003","61",,,BENUANG,KALIMANTAN BARAT,,,,,,2024_1,,"6104120003000400","00",,
,"616154","0",,15.737640757444,,"61041200032001","04","120","2001",MEMPAWAH,TOHO,NON SLS BENUANG (HUTAN),,"003","61",,,BENUANG,KALIMANTAN BARAT,,,,,,2024_1,,"6104120003200100","00",,
,"616174","0",,3.91326343203202,,"61040810022002","04","081","2002",MEMPAWAH,SEGEDONG,HUTAN,,"002","61",,,SUNGAI BURUNG,KALIMANTAN BARAT,,,,,,2024_1,,"6104081002200200","00",,
,"616153","0",,0.136367144029605,,"61041000150013","04","100","0013",MEMPAWAH,MEMPAWAH HILIR,RT 13 RW 06 DUSUN PINANG,,"015","61",,,MALIKIAN,KALIMANTAN BARAT,,,,,,2024_1,,"6104100015001300","00",,
,"616152","0",,0.336173877072641,,"61041000150011","04","100","0011",MEMPAWAH,MEMPAWAH HILIR,RT 11 RW 05 DUSUN PINANG,,"015","61",,,MALIKIAN,KALIMANTAN BARAT,,,,,,2024_1,,"6104100015001100","00",,
,"616151","0",,1.58948412461118,,"61041000151001","04","100","1001",MEMPAWAH,MEMPAWAH HILIR,KEBUN,,"015","61",,,MALIKIAN,KALIMANTAN BARAT,,,,,,2024_1,,"6104100015100100","00",,
,"616150","0",,0.152230615807153,,"61040810020001","04","081","0001",MEMPAWAH,SEGEDONG,RT 001 RW 001 DUSUN SUBUR 1,,"002","61",,,SUNGAI BURUNG,KALIMANTAN BARAT,,,,,,2024_1,,"6104081002000100","00",,
,"616149","0",,0.079844518059563,,"61041000150007","04","100","0007",MEMPAWAH,MEMPAWAH HILIR,RT 07 RW 03 DUSUN ABRASI,,"015","61",,,MALIKIAN,KALIMANTAN BARAT,,,,,,2024_1,,"6104100015000700","00",,
,"616148","0",,0.25582921221572,,"61041000150010","04","100","0010",MEMPAWAH,MEMPAWAH HILIR,RT 10 RW 04 DUSUN PINANG,,"015","61",,,MALIKIAN,KALIMANTAN BARAT,,,,,,2024_1,,"6104100015001000","00",,
,"616147","0",,0.03409554640214,,"61041000150009","04","100","0009",MEMPAWAH,MEMPAWAH HILIR,RT 09 RW 03 DUSUN ABRASI,,"015","61",,,MALIKIAN,KALIMANTAN BARAT,,,,,,2024_1,,"6104100015000900","00",,
,"616146","0",,0.886996228496231,,"61041200030003","04","120","0003",MEMPAWAH,TOHO,RT 003 RW 01 DUSUN BENUAN JAYA,,"003","61",,,BENUANG,KALIMANTAN BARAT,,,,,,2024_1,,"6104120003000300","00",,
,"616145","0",,0.205243179845892,,"61040910040007","04","091","0007",MEMPAWAH,ANJONGAN,RT 007 RW 02 DUSUN PAK BULU,,"004","61",,,PAK BULU,KALIMANTAN BARAT,,,,,,2024_1,,"6104091004000700","00",,
,"616144","0",,0.369766142721129,,"61040910040005","04","091","0005",MEMPAWAH,ANJONGAN,RT 005 RW 02 DUSUN PAK BULU,,"004","61",,,PAK BULU,KALIMANTAN BARAT,,,,,,2024_1,,"6104091004000500","00",,
,"616143","0",,0.038101786009233,,"61041100060004","04","110","0004",MEMPAWAH,SUNGAI KUNYIT,RT 008 RW 04 DUSUN SABAR,,"006","61",,,SUNGAI KUNYIT LAUT,KALIMANTAN BARAT,,,,,,2024_1,,"6104110006000400","00",,
,"616142","0",,0.356145117690266,,"61040810030009","04","081","0009",MEMPAWAH,SEGEDONG,RT 009 RW 03 DUSUN KEMUNING,,"003","61",,,SUNGAI PURUN BESAR,KALIMANTAN BARAT,,,,,,2024_1,,"6104081003000900","00",,
,"616141","0",,0.291264532676799,,"61040810030008","04","081","0008",MEMPAWAH,SEGEDONG,RT 008 RW 03 DUSUN KEMUNING,,"003","61",,,SUNGAI PURUN BESAR,KALIMANTAN BARAT,,,,,,2024_1,,"6104081003000800","00",,
,"616140","0",,0.215163212327375,,"61041000150014","04","100","0014",MEMPAWAH,MEMPAWAH HILIR,RT 14 RW 06 DUSUN BAMBU,,"015","61",,,MALIKIAN,KALIMANTAN BARAT,,,,,,2024_1,,"6104100015001400","00",,
,"616139","0",,0.068263430255038,,"61041100060003","04","110","0003",MEMPAWAH,SUNGAI KUNYIT,RT 007 RW 04 DUSUN SABAR,,"006","61",,,SUNGAI KUNYIT LAUT,KALIMANTAN BARAT,,,,,,2024_1,,"6104110006000300","00",,
,"616195","0",,0.612865197932532,,"61041210010009","04","121","0009",MEMPAWAH,SADANIANG,RT 009 RW 03 DUSUN UNTANG,,"001","61",,,PENTEK,KALIMANTAN BARAT,,,,,,2024_1,,"6104121001000900","00",,
,"616138","0",,0.224746058029631,,"61041100060011","04","110","0011",MEMPAWAH,SUNGAI KUNYIT,RT 011 RW 05 DUSUN MUFAKAT,,"006","61",,,SUNGAI KUNYIT LAUT,KALIMANTAN BARAT,,,,,,2024_1,,"6104110006001100","00",,
,"616137","0",,0.052701278629367,,"61041100100017","04","110","0017",MEMPAWAH,SUNGAI KUNYIT,RT 007 RW 02 DUSUN SUKA TANI,,"010","61",,,SUNGAI BUNDUNG LAUT,KALIMANTAN BARAT,,,,,,2024_1,,"6104110010001700","00",,
,"616136","0",,1.80322861985168,,"61041100105001","04","110","5001",MEMPAWAH,SUNGAI KUNYIT,PELABUHAN KIJING,,"010","61",,,SUNGAI BUNDUNG LAUT,KALIMANTAN BARAT,,,,,,2024_1,,"6104110010500100","00",,
,"616135","0",,0.421700881336146,,"61041100100009","04","110","0009",MEMPAWAH,SUNGAI KUNYIT,RT 009 RW 03 DUSUN TUJUH RATUS,,"010","61",,,SUNGAI BUNDUNG LAUT,KALIMANTAN BARAT,,,,,,2024_1,,"6104110010000900","00",,
,"616134","0",,0.148952392812253,,"61041100100003","04","110","0003",MEMPAWAH,SUNGAI KUNYIT,RT 003 RW 01 DUSUN MAYASARI,,"010","61",,,SUNGAI BUNDUNG LAUT,KALIMANTAN BARAT,,,,,,2024_1,,"6104110010000300","00",,
,"616133","0",,0.006624838079373,,"61040810060031","04","081","0031",MEMPAWAH,SEGEDONG,RT 027B RW 007 DUSUN TUNAS BARU,,"006","61",,,PENITI DALAM II,KALIMANTAN BARAT,,,,,,2024_1,,"6104081006003100","00",,
,"616132","0",,0.011820743445792,,"61040810060017","04","081","0017",MEMPAWAH,SEGEDONG,RT 016B RW 003 DUSUN CAHAYA INTAN,,"006","61",,,PENITI DALAM II,KALIMANTAN BARAT,,,,,,2024_1,,"6104081006001700","00",,
,"616131","0",,0.198173620708472,,"61040800010016","04","080","0016",MEMPAWAH,JONGKAT,RT 014 RW 03 DUSUN MELATI,,"001","61",,,SUNGAI NIPAH,KALIMANTAN BARAT,,,,,,2024_1,,"6104080001001600","00",,
,"616130","0",,0.694708714922735,,"61041100100011","04","110","0011",MEMPAWAH,SUNGAI KUNYIT,RT 011 RW 03 DUSUN TUJUH RATUS,,"010","61",,,SUNGAI BUNDUNG LAUT,KALIMANTAN BARAT,,,,,,2024_1,,"6104110010001100","00",,
,"616129","0",,0.331078799353742,,"61040800040072","04","080","0072",MEMPAWAH,JONGKAT,RT 003 RW 13 DUSUN DURIAN,,"004","61",,,WAJOK HULU,KALIMANTAN BARAT,,,,,,2024_1,,"6104080004007200","00",,
,"616128","0",,0.006446467424401,,"61041100010008","04","110","0008",MEMPAWAH,SUNGAI KUNYIT,RT 008 RW 04 DUSUN PERMAI,,"001","61",,,SEMUDUN,KALIMANTAN BARAT,,,,,,2024_1,,"6104110001000800","00",,
,"616127","0",,0.498302333453268,,"61041100100010","04","110","0010",MEMPAWAH,SUNGAI KUNYIT,RT 010 RW 03 DUSUN TUJUH RATUS,,"010","61",,,SUNGAI BUNDUNG LAUT,KALIMANTAN BARAT,,,,,,2024_1,,"6104110010001000","00",,
,"616126","0",,0.244643855646085,,"61040800040002","04","080","0002",MEMPAWAH,JONGKAT,RT 003 RW 04 DUSUN BRAHIMA,,"004","61",,,WAJOK HULU,KALIMANTAN BARAT,,,,,,2024_1,,"6104080004000200","00",,
,"616118","0",,0.046864077745356,,"61041210040003","04","121","0003",MEMPAWAH,SADANIANG,RT 003 RW 01 DUSUN AMAWANG,,"004","61",,,AMAWANG,KALIMANTAN BARAT,,,,,,2024_1,,"6104121004000300","00",,
,"616117","0",,0.065027270808717,,"61040800040063","04","080","0063",MEMPAWAH,JONGKAT,RT 003 RW 12 DUSUN BRAHIMA,,"004","61",,,WAJOK HULU,KALIMANTAN BARAT,,,,,,2024_1,,"6104080004006300","00",,
,"616116","0",,0.926437525182333,,"61041210040014","04","121","0014",MEMPAWAH,SADANIANG,RT 006 RW 05 DUSUN PARONG,,"004","61",,,AMAWANG,KALIMANTAN BARAT,,,,,,2024_1,,"6104121004001400","00",,
,"616115","0",,0.490028558145606,,"61040800020062","04","080","0062",MEMPAWAH,JONGKAT,RT 005 RW 15 DUSUN RAHADI USMAN,,"002","61",,,JUNGKAT,KALIMANTAN BARAT,,,,,,2024_1,,"6104080002006200","00",,
,"616114","0",,0.012712040934286,,"61040810060023","04","081","0023",MEMPAWAH,SEGEDONG,RT 020B RW 004 DUSUN LEMBAH HIJAU,,"006","61",,,PENITI DALAM II,KALIMANTAN BARAT,,,,,,2024_1,,"6104081006002300","00",,
,"616113","0",,0.029077439029758,,"61040800020012","04","080","0012",MEMPAWAH,JONGKAT,RT 001 RW 006 DUSUN PANGERAN ADIPATI,,"002","61",,,JUNGKAT,KALIMANTAN BARAT,,,,,,2024_1,,"6104080002001200","00",,
,"616123","0",,0.196688118363771,,"61040800040065","04","080","0065",MEMPAWAH,JONGKAT,RT 004 RW 04 DUSUN BRAHIMA,,"004","61",,,WAJOK HULU,KALIMANTAN BARAT,,,,,,2024_1,,"6104080004006500","00",,
,"616124","0",,0.012422875940145,,"61040900090047","04","090","0047",MEMPAWAH,SUNGAI PINYUH,RT 005 RW 006,,"009","61",,,SUNGAI PINYUH,KALIMANTAN BARAT,,,,,,2024_1,,"6104090009004700","00",,
,"616438","0",,27.5423928131842,,"61040810052001","04","081","2001",MEMPAWAH,SEGEDONG,HUTAN / SEMAK BELUKAR,,"005","61",,,PENITI BESAR,KALIMANTAN BARAT,,,,,,2024_1,,"6104081005200100","00",,
,"616529","0",,0.498794462718264,,"61041000120028","04","100","0028",MEMPAWAH,MEMPAWAH HILIR,RT 022 RW 09 DUSUN PARIT AMANKU,,"012","61",,,PASIR,KALIMANTAN BARAT,,,,,,2024_1,,"6104100012002800","00",,
,"616445","0",,0.031675490746313,,"61040810050010","04","081","0010",MEMPAWAH,SEGEDONG,RT 001 RW 003 DUSUN KARYA BAKTI,,"005","61",,,PENITI BESAR,KALIMANTAN BARAT,,,,,,2024_1,,"6104081005001000","00",,
,"616444","0",,0.135196361650569,,"61040900040007","04","090","0007",MEMPAWAH,SUNGAI PINYUH,RT 001 RW 03 DUSUN 02,,"004","61",,,NUSAPATI,KALIMANTAN BARAT,,,,,,2024_1,,"6104090004000700","00",,
,"616442","0",,0.998949971088396,,"61040900040023","04","090","0023",MEMPAWAH,SUNGAI PINYUH,RT 002 RW 10 DUSUN 05,,"004","61",,,NUSAPATI,KALIMANTAN BARAT,,,,,,2024_1,,"6104090004002300","00",,
,"616437","0",,1.18212621545797,,"61040900030022","04","090","0022",MEMPAWAH,SUNGAI PINYUH,RT 022 RW 010 DUSUN DANAU,,"003","61",,,PENIRAMAN,KALIMANTAN BARAT,,,,,,2024_1,,"6104090003002200","00",,
,"616436","0",,0.240363457079993,,"61041000130008","04","100","0008",MEMPAWAH,MEMPAWAH HILIR,RT 08 RW 03 DUSUN DEWA SUHAR MANIK,,"013","61",,,PENIBUNG,KALIMANTAN BARAT,,,,,,2024_1,,"6104100013000800","00",,
,"616435","0",,1.12740543725145,,"61041010060014","04","101","0014",MEMPAWAH,MEMPAWAH TIMUR,RT 014 RW 04 DUSUN PERMAI,,"006","61",,,ANTIBAR,KALIMANTAN BARAT,,,,,,2024_1,,"6104101006001400","00",,
,"616443","0",,0.195839915914708,,"61040900040003","04","090","0003",MEMPAWAH,SUNGAI PINYUH,RT 003 RW 01 DUSUN 01,,"004","61",,,NUSAPATI,KALIMANTAN BARAT,,,,,,2024_1,,"6104090004000300","00",,
,"616434","0",,0.216733168905204,,"61041000150020","04","100","0020",MEMPAWAH,MEMPAWAH HILIR,RT 20 RW 08 DUSUN MEKAR,,"015","61",,,MALIKIAN,KALIMANTAN BARAT,,,,,,2024_1,,"6104100015002000","00",,
,"616433","0",,0.046419510320885,,"61040800020052","04","080","0052",MEMPAWAH,JONGKAT,RT 005 RW 010 DUSUN RADEN TAUFIK,,"002","61",,,JUNGKAT,KALIMANTAN BARAT,,,,,,2024_1,,"6104080002005200","00",,
,"616432","0",,0.387864966118773,,"61041010080011","04","101","0011",MEMPAWAH,MEMPAWAH TIMUR,RT 011 RW 06 DUSUN PARIT BANJAR TENGAH,,"008","61",,,PARIT BANJAR,KALIMANTAN BARAT,,,,,,2024_1,,"6104101008001100","00",,
,"616431","0",,0.739786266297889,,"61040900120003","04","090","0003",MEMPAWAH,SUNGAI PINYUH,RT 003 RW 02 DUSUN PARIT KURUS,,"012","61",,,SUNGAI BAKAU BESAR DARAT,KALIMANTAN BARAT,,,,,,2024_1,,"6104090012000300","00",,
,"616428","0",,0.990210014171715,,"61041000120009","04","100","0009",MEMPAWAH,MEMPAWAH HILIR,RT 029 RW 02 DUSUN PASIR LAUT,,"012","61",,,PASIR,KALIMANTAN BARAT,,,,,,2024_1,,"6104100012000900","00",,
,"616427","0",,11.3918959184624,,"61041210030001","04","121","0001",MEMPAWAH,SADANIANG,RT 001 RW 01 DUSUN BUMBUN,,"003","61",,,BUMBUN,KALIMANTAN BARAT,,,,,,2024_1,,"6104121003000100","00",,
,"616426","0",,11.1610321515938,,"61040910022001","04","091","2001",MEMPAWAH,ANJONGAN,HUTAN,,"002","61",,,ANJUNGAN MELANCAR,KALIMANTAN BARAT,,,,,,2024_1,,"6104091002200100","00",,
,"616425","0",,0.13337558314514,,"61040900110013","04","090","0013",MEMPAWAH,SUNGAI PINYUH,RT 008 RW 04 DUSUN TIMUR,,"011","61",,,SUNGAI BAKAU BESAR LAUT,KALIMANTAN BARAT,,,,,,2024_1,,"6104090011001300","00",,
,"616423","0",,0.092333219006386,,"61040910020008","04","091","0008",MEMPAWAH,ANJONGAN,RT 021 RW 01,,"002","61",,,ANJUNGAN MELANCAR,KALIMANTAN BARAT,,,,,,2024_1,,"6104091002000800","00",,
,"616422","0",,1.47690216931481,,"61041200050010","04","120","0010",MEMPAWAH,TOHO,RT 014 RW 03 DUSUN SEPANG,,"005","61",,,SEPANG,KALIMANTAN BARAT,,,,,,2024_1,,"6104120005001000","00",,
,"616421","0",,12.4482388438797,,"61041200052001","04","120","2001",MEMPAWAH,TOHO,NONSLS SEPANG,,"005","61",,,SEPANG,KALIMANTAN BARAT,,,,,,2024_1,,"6104120005200100","00",,
,"616420","0",,0.327758317383868,,"61041010060018","04","101","0018",MEMPAWAH,MEMPAWAH TIMUR,RT 018 RW 05 DUSUN SATRIA,,"006","61",,,ANTIBAR,KALIMANTAN BARAT,,,,,,2024_1,,"6104101006001800","00",,
,"616419","0",,0.019970902071398,,"61040800020022","04","080","0022",MEMPAWAH,JONGKAT,RT 003 RW 003 DUSUN SULTAN ABDURRAHMAN,,"002","61",,,JUNGKAT,KALIMANTAN BARAT,,,,,,2024_1,,"6104080002002200","00",,
,"616418","0",,0.015803428915716,,"61040800020024","04","080","0024",MEMPAWAH,JONGKAT,RT 002 RW 013 DUSUN SULTAN ABDURRAHMAN,,"002","61",,,JUNGKAT,KALIMANTAN BARAT,,,,,,2024_1,,"6104080002002400","00",,
,"616417","0",,1.75315070281766,,"61040800030025","04","080","0025",MEMPAWAH,JONGKAT,RT 002 RW 07 DUSUN KELAPA,,"003","61",,,WAJOK HILIR,KALIMANTAN BARAT,,,,,,2024_1,,"6104080003002500","00",,
,"616416","0",,2.4401331412258,,"61041200050006","04","120","0006",MEMPAWAH,TOHO,RT 006 RW 02 DUSUN SEPANG,,"005","61",,,SEPANG,KALIMANTAN BARAT,,,,,,2024_1,,"6104120005000600","00",,
,"616415","0",,0.022921717303821,,"61040800020020","04","080","0020",MEMPAWAH,JONGKAT,RT 001 RW 003 DUSUN SULTAN ABDURRAHMAN,,"002","61",,,JUNGKAT,KALIMANTAN BARAT,,,,,,2024_1,,"6104080002002000","00",,
,"616414","0",,0.042626665120033,,"61040800020007","04","080","0007",MEMPAWAH,JONGKAT,RT 002 RW 002 DUSUN URAI BAWADI,,"002","61",,,JUNGKAT,KALIMANTAN BARAT,,,,,,2024_1,,"6104080002000700","00",,
,"616413","0",,0.355020780844325,,"61040800020026","04","080","0026",MEMPAWAH,JONGKAT,RT 004 RW 013 DUSUN SULTAN ABDURRAHMAN,,"002","61",,,JUNGKAT,KALIMANTAN BARAT,,,,,,2024_1,,"6104080002002600","00",,
,"616412","0",,0.651912507942953,,"61040800020060","04","080","0060",MEMPAWAH,JONGKAT,RT 003 RW 15 DUSUN RAHADI USMAN,,"002","61",,,JUNGKAT,KALIMANTAN BARAT,,,,,,2024_1,,"6104080002006000","00",,
,"616411","0",,2.29496051145774,,"61040800020011","04","080","0011",MEMPAWAH,JONGKAT,RT 003 RW 014 DUSUN URAI BAWADI,,"002","61",,,JUNGKAT,KALIMANTAN BARAT,,,,,,2024_1,,"6104080002001100","00",,
,"616410","0",,0.285238696651841,,"61041010020010","04","101","0010",MEMPAWAH,MEMPAWAH TIMUR,RT 018 RW 03 DUSUN SEPAKAT TENGAH,,"002","61",,,SUNGAI BAKAU KECIL,KALIMANTAN BARAT,,,,,,2024_1,,"6104101002001000","00",,
,"616409","0",,0.139120329070749,,"61041000140003","04","100","0003",MEMPAWAH,MEMPAWAH HILIR,RT 003 RW 001 DUSUN BUGIS,,"014","61",,,SENGKUBANG,KALIMANTAN BARAT,,,,,,2024_1,,"6104100014000300","00",,
,"616510","0",,0.472864958167205,,"61041100080001","04","110","0001",MEMPAWAH,SUNGAI KUNYIT,RT 001 RW 01 DUSUN SEMAYAR,,"008","61",,,SUNGAI KUNYIT HULU,KALIMANTAN BARAT,,,,,,2024_1,,"6104110008000100","00",,
,"616408","0",,0.35571926525413,,"61040800020065","04","080","0065",MEMPAWAH,JONGKAT,RT 001 RW 21 DUSUN RADEN WIJAYA,,"002","61",,,JUNGKAT,KALIMANTAN BARAT,,,,,,2024_1,,"6104080002006500","00",,
,"616407","0",,0.148840295253259,,"61041000070004","04","100","0004",MEMPAWAH,MEMPAWAH HILIR,RT 004 RW 02,,"007","61",,,TENGAH,KALIMANTAN BARAT,,,,,,2024_1,,"6104100007000400","00",,
,"616406","0",,0.062057571778732,,"61041010020009","04","101","0009",MEMPAWAH,MEMPAWAH TIMUR,RT 007 RW 03 DUSUN SEPAKAT TENGAH,,"002","61",,,SUNGAI BAKAU KECIL,KALIMANTAN BARAT,,,,,,2024_1,,"6104101002000900","00",,
,"616430","0",,0.404384472550396,,"61041010080010","04","101","0010",MEMPAWAH,MEMPAWAH TIMUR,RT 010 RW 06 DUSUN PARIT BANJAR TENGAH,,"008","61",,,PARIT BANJAR,KALIMANTAN BARAT,,,,,,2024_1,,"6104101008001000","00",,
,"616405","0",,1.09475412999669,,"61041000080004","04","100","0004",MEMPAWAH,MEMPAWAH HILIR,RT 029 RW 01,,"008","61",,,TERUSAN,KALIMANTAN BARAT,,,,,,2024_1,,"6104100008000400","00",,
,"616404","0",,0.118128828154069,,"61041200020005","04","120","0005",MEMPAWAH,TOHO,RT 014 RW 01 DUSUN MEKAR JAYA,,"002","61",,,SAMBORA,KALIMANTAN BARAT,,,,,,2024_1,,"6104120002000500","00",,
,"616403","0",,0.162409846633352,,"61041000150026","04","100","0026",MEMPAWAH,MEMPAWAH HILIR,RT 26 RW 10 DUSUN PASIR,,"015","61",,,MALIKIAN,KALIMANTAN BARAT,,,,,,2024_1,,"6104100015002600","00",,
,"616402","0",,0.365678729712076,,"61040800030038","04","080","0038",MEMPAWAH,JONGKAT,RT 001 RW 10 DUSUN PALAWIJA,,"003","61",,,WAJOK HILIR,KALIMANTAN BARAT,,,,,,2024_1,,"6104080003003800","00",,
,"616401","0",,0.1570881509986,,"61041000080009","04","100","0009",MEMPAWAH,MEMPAWAH HILIR,RT 023 RW 04,,"008","61",,,TERUSAN,KALIMANTAN BARAT,,,,,,2024_1,,"6104100008000900","00",,
,"616400","0",,0.059065980539335,,"61041000080036","04","100","0036",MEMPAWAH,MEMPAWAH HILIR,RT 031 RW 16,,"008","61",,,TERUSAN,KALIMANTAN BARAT,,,,,,2024_1,,"6104100008003600","00",,
,"616399","0",,0.833582827326166,,"61041000130004","04","100","0004",MEMPAWAH,MEMPAWAH HILIR,RT 04 RW 02 DUSUN RENJUANG,,"013","61",,,PENIBUNG,KALIMANTAN BARAT,,,,,,2024_1,,"6104100013000400","00",,
,"616398","0",,2.85269159097216,,"61040910060013","04","091","0013",MEMPAWAH,ANJONGAN,RT 013 RW 03 DUSUN PELADIS,,"006","61",,,KEPAYANG,KALIMANTAN BARAT,,,,,,2024_1,,"6104091006001300","00",,
,"616397","0",,0.125037639929887,,"61040910060012","04","091","0012",MEMPAWAH,ANJONGAN,RT 012 RW 03 DUSUN PELADIS,,"006","61",,,KEPAYANG,KALIMANTAN BARAT,,,,,,2024_1,,"6104091006001200","00",,
,"616396","0",,0.173485978101713,,"61040910060010","04","091","0010",MEMPAWAH,ANJONGAN,RT 010 RW 03 DUSUN PELADIS,,"006","61",,,KEPAYANG,KALIMANTAN BARAT,,,,,,2024_1,,"6104091006001000","00",,
,"616395","0",,1.10708531240989,,"61040810030021","04","081","0021",MEMPAWAH,JONGKAT,RT 021 RW 08 DUSUN PELITA,,"003","61",,,SUNGAI PURUN BESAR,KALIMANTAN BARAT,,,,,,2024_1,,"6104081003002100","00",,
,"616394","0",,1.04813835967226,,"61040810030018","04","081","0018",MEMPAWAH,JONGKAT,RT 018 RW 07 DUSUN PELITA,,"003","61",,,SUNGAI PURUN BESAR,KALIMANTAN BARAT,,,,,,2024_1,,"6104081003001800","00",,
,"616393","0",,1.234612229181,,"61040810030019","04","081","0019",MEMPAWAH,JONGKAT,RT 019 RW 08 DUSUN PELITA,,"003","61",,,SUNGAI PURUN BESAR,KALIMANTAN BARAT,,,,,,2024_1,,"6104081003001900","00",,
,"616392","0",,0.054902077555574,,"61040810010016","04","081","0016",MEMPAWAH,SEGEDONG,RT 016 RW 004 DUSUN WAK PAIK,,"001","61",,,PENITI DALAM I,KALIMANTAN BARAT,,,,,,2024_1,,"6104081001001600","00",,
,"616391","0",,0.022456686033104,,"61040810050002","04","081","0002",MEMPAWAH,SEGEDONG,RT 002 RW 001 DUSUN SUKA DAMAI,,"005","61",,,PENITI BESAR,KALIMANTAN BARAT,,,,,,2024_1,,"6104081005000200","00",,
,"616472","0",,0.435734197310112,,"61041200090001","04","120","0001",MEMPAWAH,TOHO,RT 001 RW 01 DUSUN TOHO LIAR,,"009","61",,,TOHO ILIR,KALIMANTAN BARAT,,,,,,2024_1,,"6104120009000100","00",,
,"616389","0",,0.067980449415993,,"61041010020008","04","101","0008",MEMPAWAH,MEMPAWAH TIMUR,RT 006 RW 02 DUSUN BENTENG RAYA,,"002","61",,,SUNGAI BAKAU KECIL,KALIMANTAN BARAT,,,,,,2024_1,,"6104101002000800","00",,
,"616388","0",,42.1782379941137,,"61040910032001","04","091","2001",MEMPAWAH,ANJONGAN,HUTAN,,"003","61",,,ANJUNGAN DALAM,KALIMANTAN BARAT,,,,,,2024_1,,"6104091003200100","00",,
,"616387","0",,0.026091052528502,,"61040900090052","04","090","0052",MEMPAWAH,SUNGAI PINYUH,RT 010 RW 006,,"009","61",,,SUNGAI PINYUH,KALIMANTAN BARAT,,,,,,2024_1,,"6104090009005200","00",,
,"616385","0",,0.019896733003256,,"61040900090030","04","090","0030",MEMPAWAH,SUNGAI PINYUH,RT 005 RW 004,,"009","61",,,SUNGAI PINYUH,KALIMANTAN BARAT,,,,,,2024_1,,"6104090009003000","00",,
,"616384","0",,0.014080712218809,,"61040900090029","04","090","0029",MEMPAWAH,SUNGAI PINYUH,RT 004 RW 004,,"009","61",,,SUNGAI PINYUH,KALIMANTAN BARAT,,,,,,2024_1,,"6104090009002900","00",,
,"616383","0",,0.078992092222327,,"61040800040042","04","080","0042",MEMPAWAH,JONGKAT,RT 003 RW 05 DUSUN PANDAN,,"004","61",,,WAJOK HULU,KALIMANTAN BARAT,,,,,,2024_1,,"6104080004004200","00",,
,"616382","0",,0.095480559385655,,"61040800040024","04","080","0024",MEMPAWAH,JONGKAT,RT 010 RW 06 DUSUN KUNYIT,,"004","61",,,WAJOK HULU,KALIMANTAN BARAT,,,,,,2024_1,,"6104080004002400","00",,
,"616381","0",,25.9390914369432,,"61041210022001","04","121","2001",MEMPAWAH,SADANIANG,HUTAN,,"002","61",,,SEKABUK,KALIMANTAN BARAT,,,,,,2024_1,,"6104121002200100","00",,
,"616380","0",,3.76431284464803,,"61041010070018","04","101","0018",MEMPAWAH,MEMPAWAH TIMUR,RT 013 RW 06 DUSUN TEKAM,,"007","61",,,SEJEGI,KALIMANTAN BARAT,,,,,,2024_1,,"6104101007001800","00",,
,"616424","0",,0.004299363701658,,"61040900090027","04","090","0027",MEMPAWAH,SUNGAI PINYUH,RT 002 RW 04,,"009","61",,,SUNGAI PINYUH,KALIMANTAN BARAT,,,,,,2024_1,,"6104090009002700","00",,
,"616379","0",,2.36243463273391,,"61041200050008","04","120","0008",MEMPAWAH,TOHO,RT 008 RW 03 DUSUN SEPANG,,"005","61",,,SEPANG,KALIMANTAN BARAT,,,,,,2024_1,,"6104120005000800","00",,
,"616378","0",,0.863574410229794,,"61041200080002","04","120","0002",MEMPAWAH,TOHO,RT 002 DUSUN PINANG,,"008","61",,,KECURIT,KALIMANTAN BARAT,,,,,,2024_1,,"6104120008000200","00",,
,"616377","0",,0.200108868749652,,"61040810030006","04","081","0006",MEMPAWAH,SEGEDONG,RT 006 RW 02 DUSUN NELAYAN,,"003","61",,,SUNGAI PURUN BESAR,KALIMANTAN BARAT,,,,,,2024_1,,"6104081003000600","00",,
,"616376","0",,0.848247760474583,,"61041200070007","04","120","0007",MEMPAWAH,TOHO,RT 005 RW 03 DUSUN BALA,,"007","61",,,TERAP,KALIMANTAN BARAT,,,,,,2024_1,,"6104120007000700","00",,
,"616375","0",,0.024422361675081,,"61041100010009","04","110","0009",MEMPAWAH,SUNGAI KUNYIT,RT 009 RW 05 DUSUN SEJAHTERA,,"001","61",,,SEMUDUN,KALIMANTAN BARAT,,,,,,2024_1,,"6104110001000900","00",,
,"616374","0",,1.28780881108531,,"61041100020004","04","110","0004",MEMPAWAH,SUNGAI KUNYIT,RT 003 RW 02 DUSUN HIDAYAH,,"002","61",,,SEMPARONG PARIT RADEN,KALIMANTAN BARAT,,,,,,2024_1,,"6104110002000400","00",,
,"616373","0",,0.614403894603198,,"61041200060004","04","120","0004",MEMPAWAH,TOHO,RT 004 RW 02 DUSUN LAHENG,,"006","61",,,PAK LAHENG,KALIMANTAN BARAT,,,,,,2024_1,,"6104120006000400","00",,
,"616390","0",,7.45507231717717,,"61041200062002","04","120","2002",MEMPAWAH,TOHO,RT 003 RW 01 DUSUN ONA,,"006","61",,,PAK LAHENG,KALIMANTAN BARAT,,,,,,2024_1,,"6104120006200200","00",,
,"616372","0",,1.91384531658789,,"61041200060005","04","120","0005",MEMPAWAH,TOHO,RT 005 RW 02 DUSUN LAHENG,,"006","61",,,PAK LAHENG,KALIMANTAN BARAT,,,,,,2024_1,,"6104120006000500","00",,
,"616371","0",,1.30297949135362,,"61041210030003","04","121","0003",MEMPAWAH,SADANIANG,RT 003 RW 01 DUSUN BUMBUN,,"003","61",,,BUMBUN,KALIMANTAN BARAT,,,,,,2024_1,,"6104121003000300","00",,
,"616370","0",,0.038031998125102,,"61040900090038","04","090","0038",MEMPAWAH,SUNGAI PINYUH,RT 005 RW 005,,"009","61",,,SUNGAI PINYUH,KALIMANTAN BARAT,,,,,,2024_1,,"6104090009003800","00",,
,"616369","0",,0.302485125766139,,"61040900040014","04","090","0014",MEMPAWAH,SUNGAI PINYUH,RT 001 RW 07 DUSUN 04,,"004","61",,,NUSAPATI,KALIMANTAN BARAT,,,,,,2024_1,,"6104090004001400","00",,
,"616368","0",,1.1491147362427,,"61040810060015","04","081","0015",MEMPAWAH,SEGEDONG,RT 015 RW 003 DUSUN CAHAYA INTAN,,"006","61",,,PENITI DALAM II,KALIMANTAN BARAT,,,,,,2024_1,,"6104081006001500","00",,
,"616367","0",,0.015000820957304,,"61041100010003","04","110","0003",MEMPAWAH,SUNGAI KUNYIT,RT 003 RW 02 DUSUN INDAH,,"001","61",,,SEMUDUN,KALIMANTAN BARAT,,,,,,2024_1,,"6104110001000300","00",,
,"616366","0",,0.833357121288654,,"61041000120010","04","100","0010",MEMPAWAH,MEMPAWAH HILIR,RT 034 RW 02 DUSUN PASIR LAUT,,"012","61",,,PASIR,KALIMANTAN BARAT,,,,,,2024_1,,"6104100012001000","00",,
,"616365","0",,0.031698622415265,,"61041000070010","04","100","0010",MEMPAWAH,MEMPAWAH HILIR,RT 010 RW 04,,"007","61",,,TENGAH,KALIMANTAN BARAT,,,,,,2024_1,,"6104100007001000","00",,
,"616364","0",,0.306069128010718,,"61041100030001","04","110","0001",MEMPAWAH,SUNGAI KUNYIT,RT 001 RW 01 DUSUN MANDALA,,"003","61",,,MENDALOK,KALIMANTAN BARAT,,,,,,2024_1,,"6104110003000100","00",,
,"616363","0",,0.676821172680823,,"61040900090058","04","090","0058",MEMPAWAH,SUNGAI PINYUH,RT 016 RW 006,,"009","61",,,SUNGAI PINYUH,KALIMANTAN BARAT,,,,,,2024_1,,"6104090009005800","00",,
,"616359","0",,0.439168365186693,,"61040800040029","04","080","0029",MEMPAWAH,JONGKAT,RT 006 RW 01 DUSUN LAPAN,,"004","61",,,WAJOK HULU,KALIMANTAN BARAT,,,,,,2024_1,,"6104080004002900","00",,
,"616358","0",,0.62844308641177,,"61041010060012","04","101","0012",MEMPAWAH,MEMPAWAH TIMUR,RT 012 RW 04 DUSUN PERMAI,,"006","61",,,ANTIBAR,KALIMANTAN BARAT,,,,,,2024_1,,"6104101006001200","00",,
,"616357","0",,0.638939177274098,,"61041000120020","04","100","0020",MEMPAWAH,MEMPAWAH HILIR,RT 017 RW 07 DUSUN SEBUKIT RAMA,,"012","61",,,PASIR,KALIMANTAN BARAT,,,,,,2024_1,,"6104100012002000","00",,
,"616356","0",,20.4880545202771,,"61041010072001","04","101","2001",MEMPAWAH,MEMPAWAH TIMUR,HUTAN,,"007","61",,,SEJEGI,KALIMANTAN BARAT,,,,,,2024_1,,"6104101007200100","00",,
,"616471","0",,0.27659524019455,,"61040800020018","04","080","0018",MEMPAWAH,JONGKAT,RT 004 RW 012 DUSUN PANGERAN ADIPATI,,"002","61",,,JUNGKAT,KALIMANTAN BARAT,,,,,,2024_1,,"6104080002001800","00",,
,"616362","0",,0.476596927046203,,"61040900100003","04","090","0003",MEMPAWAH,SUNGAI PINYUH,RT 003 RW 01 DUSUN TIMUR,,"010","61",,,SUNGAI BATANG,KALIMANTAN BARAT,,,,,,2024_1,,"6104090010000300","00",,
,"616361","0",,0.731460371399882,,"61040800030010","04","080","0010",MEMPAWAH,JONGKAT,RT 001 RW 06 DUSUN NANAS,,"003","61",,,WAJOK HILIR,KALIMANTAN BARAT,,,,,,2024_1,,"6104080003001000","00",,
,"616360","0",,0.01862625634947,,"61040900090014","04","090","0014",MEMPAWAH,SUNGAI PINYUH,RT 008 RW 002,,"009","61",,,SUNGAI PINYUH,KALIMANTAN BARAT,,,,,,2024_1,,"6104090009001400","00",,
,"616355","0",,0.489983389281115,,"61040800030015","04","080","0015",MEMPAWAH,JONGKAT,RT 002 RW 02 DUSUN PADI,,"003","61",,,WAJOK HILIR,KALIMANTAN BARAT,,,,,,2024_1,,"6104080003001500","00",,
,"616354","0",,0.723668634908783,,"61040900041003","04","090","1003",MEMPAWAH,SUNGAI PINYUH,KEBUN KELAPA,,"004","61",,,NUSAPATI,KALIMANTAN BARAT,,,,,,2024_1,,"6104090004100300","00",,
,"616353","0",,0.07375679790985,,"61040800040036","04","080","0036",MEMPAWAH,JONGKAT,RT KH RW KH DUSUN LAPAN,,"004","61",,,WAJOK HULU,KALIMANTAN BARAT,,,,,,2024_1,,"6104080004003600","00",,
,"616352","0",,0.628285319343759,,"61041010070016","04","101","0016",MEMPAWAH,MEMPAWAH TIMUR,RT 011 RW 06 DUSUN TEKAM,,"007","61",,,SEJEGI,KALIMANTAN BARAT,,,,,,2024_1,,"6104101007001600","00",,
,"616351","0",,4.0007067189152,,"61041200090009","04","120","0009",MEMPAWAH,TOHO,RT 009 RW 03 DUSUN BONSORAN,,"009","61",,,TOHO ILIR,KALIMANTAN BARAT,,,,,,2024_1,,"6104120009000900","00",,
,"616347","0",,0.354275991402799,,"61040910060002","04","091","0002",MEMPAWAH,ANJONGAN,RT 002 RW 01 DUSUN BILADO,,"006","61",,,KEPAYANG,KALIMANTAN BARAT,,,,,,2024_1,,"6104091006000200","00",,
,"616346","0",,2.55465939734178,,"61040910062001","04","091","2001",MEMPAWAH,ANJONGAN,NON SLS KEPAYANG,,"006","61",,,KEPAYANG,KALIMANTAN BARAT,,,,,,2024_1,,"6104091006200100","00",,
,"616345","0",,0.121398034325405,,"61040800040061","04","080","0061",MEMPAWAH,JONGKAT,RT 003 RW 10 DUSUN TELUK DALAM,,"004","61",,,WAJOK HULU,KALIMANTAN BARAT,,,,,,2024_1,,"6104080004006100","00",,
,"616344","0",,0.018623539334606,,"61040900010013","04","090","0013",MEMPAWAH,SUNGAI PINYUH,RT 013 RW 07 DUSUN SWADAYA,,"001","61",,,SUNGAI PURUN KECIL,KALIMANTAN BARAT,,,,,,2024_1,,"6104090001001300","00",,
,"616340","0",,0.841805935870761,,"61040800030031","04","080","0031",MEMPAWAH,JONGKAT,RT 001 RW 04 DUSUN COKLAT,,"003","61",,,WAJOK HILIR,KALIMANTAN BARAT,,,,,,2024_1,,"6104080003003100","00",,
,"616339","0",,0.934136017997363,,"61040900080007","04","090","0007",MEMPAWAH,SUNGAI PINYUH,RT 007 RW 03 DUSUN BARAT,,"008","61",,,SUNGAI RASAU,KALIMANTAN BARAT,,,,,,2024_1,,"6104090008000700","00",,
,"616338","0",,0.217180183321262,,"61040900100005","04","090","0005",MEMPAWAH,SUNGAI PINYUH,RT 001 RW 02 DUSUN BARAT,,"010","61",,,SUNGAI BATANG,KALIMANTAN BARAT,,,,,,2024_1,,"6104090010000500","00",,
,"616337","0",,0.04707631507487,,"61041000080024","04","100","0024",MEMPAWAH,MEMPAWAH HILIR,RT 011 RW 10,,"008","61",,,TERUSAN,KALIMANTAN BARAT,,,,,,2024_1,,"6104100008002400","00",,
,"616336","0",,0.009143057105983,,"61041000080025","04","100","0025",MEMPAWAH,MEMPAWAH HILIR,RT 010 RW 11,,"008","61",,,TERUSAN,KALIMANTAN BARAT,,,,,,2024_1,,"6104100008002500","00",,
,"616335","0",,0.135752027431486,,"61041000070005","04","100","0005",MEMPAWAH,MEMPAWAH HILIR,RT 005 RW 02,,"007","61",,,TENGAH,KALIMANTAN BARAT,,,,,,2024_1,,"6104100007000500","00",,
,"616350","0",,40.3952854290808,,"61041200082001","04","120","2001",MEMPAWAH,TOHO,HUTAN,,"008","61",,,KECURIT,KALIMANTAN BARAT,,,,,,2024_1,,"6104120008200100","00",,
,"616349","0",,0.450528847750125,,"61041000150023","04","100","0023",MEMPAWAH,MEMPAWAH HILIR,RT 23 RW 09 DUSUN PASIR,,"015","61",,,MALIKIAN,KALIMANTAN BARAT,,,,,,2024_1,,"6104100015002300","00",,
,"616334","0",,0.277094498793608,,"61040900010012","04","090","0012",MEMPAWAH,SUNGAI PINYUH,RT 012 RW 06 DUSUN SWADAYA,,"001","61",,,SUNGAI PURUN KECIL,KALIMANTAN BARAT,,,,,,2024_1,,"6104090001001200","00",,
,"616333","0",,0.253125905086831,,"61040800030041","04","080","0041",MEMPAWAH,JONGKAT,RT 004 RW 003 DUSUN COKLAT,,"003","61",,,WAJOK HILIR,KALIMANTAN BARAT,,,,,,2024_1,,"6104080003004100","00",,
,"616332","0",,0.039321504993393,,"61041000070003","04","100","0003",MEMPAWAH,MEMPAWAH HILIR,RT 003 RW 02,,"007","61",,,TENGAH,KALIMANTAN BARAT,,,,,,2024_1,,"6104100007000300","00",,
,"616341","0",,0.481271752086274,,"61040800030034","04","080","0034",MEMPAWAH,JONGKAT,RT 001 RW 09 DUSUN PALAWIJA,,"003","61",,,WAJOK HILIR,KALIMANTAN BARAT,,,,,,2024_1,,"6104080003003400","00",,
,"616331","0",,0.029205216949068,,"61040800020027","04","080","0027",MEMPAWAH,JONGKAT,RT 005 RW 013 DUSUN SULTAN ABDURRAHMAN,,"002","61",,,JUNGKAT,KALIMANTAN BARAT,,,,,,2024_1,,"6104080002002700","00",,
,"616330","0",,1.25670029326075,,"61040810030016","04","081","0016",MEMPAWAH,SEGEDONG,RT 016 RW 06 DUSUN MAKMUR,,"003","61",,,SUNGAI PURUN BESAR,KALIMANTAN BARAT,,,,,,2024_1,,"6104081003001600","00",,
,"616329","0",,0.816250040117307,,"61041100120011","04","110","0011",MEMPAWAH,SUNGAI KUNYIT,RT 011 RW 03 DUSUN DAMAI,,"012","61",,,SUNGAI DURI II,KALIMANTAN BARAT,,,,,,2024_1,,"6104110012001100","00",,
,"616328","0",,0.495831694710381,,"61041100100015","04","110","0015",MEMPAWAH,SUNGAI KUNYIT,RT 005 RW 02 DUSUN SUKA TANI,,"010","61",,,SUNGAI BUNDUNG LAUT,KALIMANTAN BARAT,,,,,,2024_1,,"6104110010001500","00",,
,"616348","0",,0.014869522491144,,"61041010010005","04","101","0005",MEMPAWAH,MEMPAWAH TIMUR,RT 005 RW 03,,"001","61",,,PASIR WAN SALIM,KALIMANTAN BARAT,,,,,,2024_1,,"6104101001000500","00",,
,"616326","0",,1.39300813067553,,"61040800040028","04","080","0028",MEMPAWAH,JONGKAT,RT 003 RW 01 DUSUN LAPAN,,"004","61",,,WAJOK HULU,KALIMANTAN BARAT,,,,,,2024_1,,"6104080004002800","00",,
,"616323","0",,0.86857711549145,,"61041000010002","04","100","0002",MEMPAWAH,MEMPAWAH HILIR,RT 02 RW 01,,"001","61",,,TANJUNG,KALIMANTAN BARAT,,,,,,2024_1,,"6104100001000200","00",,
,"616322","0",,24.0434521605449,,"61041000122001","04","100","2001",MEMPAWAH,MEMPAWAH HILIR,HUTAN (KIRI JALAN),,"012","61",,,PASIR,KALIMANTAN BARAT,,,,,,2024_1,,"6104100012200100","00",,
,"616327","0",,1.80569364022655,,"61040800030006","04","080","0006",MEMPAWAH,JONGKAT,RT 001 RW 13 DUSUN JERUK,,"003","61",,,WAJOK HILIR,KALIMANTAN BARAT,,,,,,2024_1,,"6104080003000600","00",,
,"616321","0",,0.010059043280707,,"61040900090032","04","090","0032",MEMPAWAH,SUNGAI PINYUH,RT 007 RW 004,,"009","61",,,SUNGAI PINYUH,KALIMANTAN BARAT,,,,,,2024_1,,"6104090009003200","00",,
,"616320","0",,0.011872320413566,,"61041100110010","04","110","0010",MEMPAWAH,SUNGAI KUNYIT,RT 008 RW 03 DUSUN SUTRA,,"011","61",,,SUNGAI DURI I,KALIMANTAN BARAT,,,,,,2024_1,,"6104110011001000","00",,
,"616319","0",,0.461681475696749,,"61040900042002","04","090","2002",MEMPAWAH,SUNGAI PINYUH,HUTAN,,"004","61",,,NUSAPATI,KALIMANTAN BARAT,,,,,,2024_1,,"6104090004200200","00",,
,"616316","0",,0.011013985796511,,"61040800010005","04","080","0005",MEMPAWAH,JONGKAT,RT 024 RW 01 DUSUN MAWAR,,"001","61",,,SUNGAI NIPAH,KALIMANTAN BARAT,,,,,,2024_1,,"6104080001000500","00",,
,"616315","0",,0.604790065161971,,"61040800010018","04","080","0018",MEMPAWAH,JONGKAT,RT 015 RW 04 DUSUN MELATI,,"001","61",,,SUNGAI NIPAH,KALIMANTAN BARAT,,,,,,2024_1,,"6104080001001800","00",,
,"616314","0",,0.139067935232753,,"61040800010015","04","080","0015",MEMPAWAH,JONGKAT,RT 013 RW 03 DUSUN MELATI,,"001","61",,,SUNGAI NIPAH,KALIMANTAN BARAT,,,,,,2024_1,,"6104080001001500","00",,
,"616313","0",,0.935060408810715,,"61040800010020","04","080","0020",MEMPAWAH,JONGKAT,RT 017 RW 04 DUSUN MELATI,,"001","61",,,SUNGAI NIPAH,KALIMANTAN BARAT,,,,,,2024_1,,"6104080001002000","00",,
,"616456","0",,0.139429854490404,,"61041010080020","04","101","0020",MEMPAWAH,MEMPAWAH TIMUR,RT 020 RW 09 DUSUN AMPULOR,,"008","61",,,PARIT BANJAR,KALIMANTAN BARAT,,,,,,2024_1,,"6104101008002000","00",,
,"616312","0",,12.8277088434281,,"61040800031006","04","080","1006",MEMPAWAH,JONGKAT,KEBUN SAWIT,,"003","61",,,WAJOK HILIR,KALIMANTAN BARAT,,,,,,2024_1,,"6104080003100600","00",,
,"616311","0",,0.407750750253456,,"61041100090002","04","110","0002",MEMPAWAH,SUNGAI KUNYIT,RT 002 RW 01 DUSUN KARYA UTAMA,,"009","61",,,BUKIT BATU,KALIMANTAN BARAT,,,,,,2024_1,,"6104110009000200","00",,
,"616310","0",,0.452546419499038,,"61041100070005","04","110","0005",MEMPAWAH,SUNGAI KUNYIT,RT 005 RW 02 DUSUN MAWAR,,"007","61",,,SUNGAI KUNYIT DALAM,KALIMANTAN BARAT,,,,,,2024_1,,"6104110007000500","00",,
,"616309","0",,0.527008275647448,,"61041100040005","04","110","0005",MEMPAWAH,SUNGAI KUNYIT,RT 005 RW 02 DUSUN DUTA,,"004","61",,,SUNGAI DUNGUN,KALIMANTAN BARAT,,,,,,2024_1,,"6104110004000500","00",,
,"616308","0",,0.205325932291051,,"61041010010004","04","101","0004",MEMPAWAH,MEMPAWAH TIMUR,RT 004 RW 02,,"001","61",,,PASIR WAN SALIM,KALIMANTAN BARAT,,,,,,2024_1,,"6104101001000400","00",,
,"616317","0",,0.009638285808018,,"61040800010007","04","080","0007",MEMPAWAH,JONGKAT,RT 005 RW 02 DUSUN MAWAR,,"001","61",,,SUNGAI NIPAH,KALIMANTAN BARAT,,,,,,2024_1,,"6104080001000700","00",,
,"616307","0",,0.011568447539688,,"61041000130013","04","100","0013",MEMPAWAH,MEMPAWAH HILIR,RT 13 RW 07 DUSUN DEWA,,"013","61",,,PENIBUNG,KALIMANTAN BARAT,,,,,,2024_1,,"6104100013001300","00",,
,"616306","0",,0.36129549364908,,"61040810040005","04","081","0005",MEMPAWAH,SEGEDONG,RT 005 RW 002 DUSUN KERANJI,,"004","61",,,PARIT BUGIS,KALIMANTAN BARAT,,,,,,2024_1,,"6104081004000500","00",,
,"616305","0",,0.037071931518227,,"61041010060007","04","101","0007",MEMPAWAH,MEMPAWAH TIMUR,RT 007 RW 02 DUSUN PENDIDIKAN,,"006","61",,,ANTIBAR,KALIMANTAN BARAT,,,,,,2024_1,,"6104101006000700","00",,
,"616304","0",,2.21055685129156,,"61040900112001","04","090","2001",MEMPAWAH,SUNGAI PINYUH,HUTAN,,"011","61",,,SUNGAI BAKAU BESAR LAUT,KALIMANTAN BARAT,,,,,,2024_1,,"6104090011200100","00",,
,"616303","0",,0.501946524632656,,"61040900120014","04","090","0014",MEMPAWAH,SUNGAI PINYUH,RT 014 RW 07 DUSUN PARIT H. AMIN,,"012","61",,,SUNGAI BAKAU BESAR DARAT,KALIMANTAN BARAT,,,,,,2024_1,,"6104090012001400","00",,
,"616302","0",,1.59248638151844,,"61040900101001","04","090","1001",MEMPAWAH,SUNGAI PINYUH,RT 002 RW 01 DUSUN TIMUR,,"010","61",,,SUNGAI BATANG,KALIMANTAN BARAT,,,,,,2024_1,,"6104090010100100","00",,
,"616301","0",,0.368235780703454,,"61041010020004","04","101","0004",MEMPAWAH,MEMPAWAH TIMUR,RT 003 RW 01 DUSUN SENGGIRING,,"002","61",,,SUNGAI BAKAU KECIL,KALIMANTAN BARAT,,,,,,2024_1,,"6104101002000400","00",,
,"616300","0",,1.484940621096,,"61040810030014","04","081","0014",MEMPAWAH,SEGEDONG,RT 014 RW 05 DUSUN MAKMUR,,"003","61",,,SUNGAI PURUN BESAR,KALIMANTAN BARAT,,,,,,2024_1,,"6104081003001400","00",,
,"616299","0",,0.311955476653581,,"61041000150016","04","100","0016",MEMPAWAH,MEMPAWAH HILIR,RT 16 RW 06 DUSUN BAMBU,,"015","61",,,MALIKIAN,KALIMANTAN BARAT,,,,,,2024_1,,"6104100015001600","00",,
,"616298","0",,0.070210429548199,,"61041100110001","04","110","0001",MEMPAWAH,SUNGAI KUNYIT,RT 001 RW 01 DUSUN SABAR,,"011","61",,,SUNGAI DURI I,KALIMANTAN BARAT,,,,,,2024_1,,"6104110011000100","00",,
,"616297","0",,0.417802904358378,,"61040800040058","04","080","0058",MEMPAWAH,JONGKAT,RT 008 RW 09 DUSUN TELUK DALAM,,"004","61",,,WAJOK HULU,KALIMANTAN BARAT,,,,,,2024_1,,"6104080004005800","00",,
,"616296","0",,0.264227644625839,,"61040800040014","04","080","0014",MEMPAWAH,JONGKAT,RT 009 RW 09 DUSUN DURIAN,,"004","61",,,WAJOK HULU,KALIMANTAN BARAT,,,,,,2024_1,,"6104080004001400","00",,
,"616295","0",,0.126912292440263,,"61040900010008","04","090","0008",MEMPAWAH,SUNGAI PINYUH,RT 008 RW 04 DUSUN KARYA,,"001","61",,,SUNGAI PURUN KECIL,KALIMANTAN BARAT,,,,,,2024_1,,"6104090001000800","00",,
,"616446","0",,0.084784113247553,,"61040810050003","04","081","0003",MEMPAWAH,SEGEDONG,RT 003 RW 002 DUSUN SUKA DAMAI,,"005","61",,,PENITI BESAR,KALIMANTAN BARAT,,,,,,2024_1,,"6104081005000300","00",,
,"616294","0",,0.516811668543775,,"61040900011003","04","090","1003",MEMPAWAH,SUNGAI PINYUH,PERKEBUNAN SAWIT,,"001","61",,,SUNGAI PURUN KECIL,KALIMANTAN BARAT,,,,,,2024_1,,"6104090001100300","00",,
,"616293","0",,3.94500339645108,,"61041200070009","04","120","0009",MEMPAWAH,TOHO,RT 009 RW 03 DUSUN BALA,,"007","61",,,TERAP,KALIMANTAN BARAT,,,,,,2024_1,,"6104120007000900","00",,
,"616292","0",,0.356865666419744,,"61040800020034","04","080","0034",MEMPAWAH,JONGKAT,RT 002 RW 007 DUSUN PANGSUMA,,"002","61",,,JUNGKAT,KALIMANTAN BARAT,,,,,,2024_1,,"6104080002003400","00",,
,"616291","0",,0.515205562942497,,"61041010020022","04","101","0022",MEMPAWAH,MEMPAWAH TIMUR,RT 034 RW 05 DUSUN SEPAKAT DARAT,,"002","61",,,SUNGAI BAKAU KECIL,KALIMANTAN BARAT,,,,,,2024_1,,"6104101002002200","00",,
,"616290","0",,0.140808783673385,,"61041010080019","04","101","0019",MEMPAWAH,MEMPAWAH TIMUR,RT 019 RW 09 DUSUN AMPULOR,,"008","61",,,PARIT BANJAR,KALIMANTAN BARAT,,,,,,2024_1,,"6104101008001900","00",,
,"616325","0",,0.054652697778704,,"61040900090028","04","090","0028",MEMPAWAH,SUNGAI PINYUH,RT 003 RW 004,,"009","61",,,SUNGAI PINYUH,KALIMANTAN BARAT,,,,,,2024_1,,"6104090009002800","00",,
,"616289","0",,1.02725295748659,,"61041200070002","04","120","0002",MEMPAWAH,TOHO,RT 002 RW 01 DUSUN TERAP,,"007","61",,,TERAP,KALIMANTAN BARAT,,,,,,2024_1,,"6104120007000200","00",,
,"616120","0",,0.018065225233706,,"61041100010001","04","110","0001",MEMPAWAH,SUNGAI KUNYIT,RT 001 RW 01 DUSUN INDAH,,"001","61",,,SEMUDUN,KALIMANTAN BARAT,,,,,,2024_1,,"6104110001000100","00",,
,"616119","0",,0.196517979339869,,"61041100020002","04","110","0002",MEMPAWAH,SUNGAI KUNYIT,RT 002 RW 01 DUSUN TAUFIK,,"002","61",,,SEMPARONG PARIT RADEN,KALIMANTAN BARAT,,,,,,2024_1,,"6104110002000200","00",,
,"616122","0",,0.576595377605795,,"61040800030011","04","080","0011",MEMPAWAH,JONGKAT,RT 002 RW 06 DUSUN NANAS,,"003","61",,,WAJOK HILIR,KALIMANTAN BARAT,,,,,,2024_1,,"6104080003001100","00",,
,"616121","0",,0.06628959839478,,"61041100060009","04","110","0009",MEMPAWAH,SUNGAI KUNYIT,RT 006 RW 03 DUSUN TENANG,,"006","61",,,SUNGAI KUNYIT LAUT,KALIMANTAN BARAT,,,,,,2024_1,,"6104110006000900","00",,
,"616642","0",,0.118707056825379,,"61041000120023","04","100","0023",MEMPAWAH,MEMPAWAH HILIR,RT 019 RW 08 DUSUN SEBUKIT RAMA,,"012","61",,,PASIR,KALIMANTAN BARAT,,,,,,2024_1,,"6104100012002300","00",,
,"616466","0",,0.394311491879791,,"61040800020049","04","080","0049",MEMPAWAH,JONGKAT,RT 002 RW 010 DUSUN RADEN TAUFIK,,"002","61",,,JUNGKAT,KALIMANTAN BARAT,,,,,,2024_1,,"6104080002004900","00",,
,"616465","0",,0.88634483638661,,"61040800020002","04","080","0002",MEMPAWAH,JONGKAT,RT 002 RW 016 DUSUN DAENG MANAMBON,,"002","61",,,JUNGKAT,KALIMANTAN BARAT,,,,,,2024_1,,"6104080002000200","00",,
,"616464","0",,0.014758821524975,,"61040800040057","04","080","0057",MEMPAWAH,JONGKAT,RT 007 RW 09 DUSUN TELUK DALAM,,"004","61",,,WAJOK HULU,KALIMANTAN BARAT,,,,,,2024_1,,"6104080004005700","00",,
,"616429","0",,0.449850879273005,,"61041000120004","04","100","0004",MEMPAWAH,MEMPAWAH HILIR,RT 004 RW 01 DUSUN LESTARI,,"012","61",,,PASIR,KALIMANTAN BARAT,,,,,,2024_1,,"6104100012000400","00",,
,"616343","0",,0.492340476017569,,"61040800020010","04","080","0010",MEMPAWAH,JONGKAT,RT 002 RW 014 DUSUN URAI BAWADI,,"002","61",,,JUNGKAT,KALIMANTAN BARAT,,,,,,2024_1,,"6104080002001000","00",,
,"616342","0",,0.805402364833685,,"61040810030017","04","081","0017",MEMPAWAH,SEGEDONG,RT 017 RW 07 DUSUN MAKMUR,,"003","61",,,SUNGAI PURUN BESAR,KALIMANTAN BARAT,,,,,,2024_1,,"6104081003001700","00",,
,"616181","0",,0.045371283924688,,"61041010020012","04","101","0012",MEMPAWAH,MEMPAWAH TIMUR,RT 009 RW 03 DUSUN SEPAKAT TENGAH,,"002","61",,,SUNGAI BAKAU KECIL,KALIMANTAN BARAT,,,,,,2024_1,,"6104101002001200","00",,
,"616324","0",,0.022591504929577,,"61040900090018","04","090","0018",MEMPAWAH,SUNGAI PINYUH,RT 001 RW 003,,"009","61",,,SUNGAI PINYUH,KALIMANTAN BARAT,,,,,,2024_1,,"6104090009001800","00",,
,"616896","0",,0.836839481435574,,"61040810050017","04","081","0017",MEMPAWAH,SEGEDONG,RT 003 RW 006 DUSUN SUKA MAJU,,"005","61",,,PENITI BESAR,KALIMANTAN BARAT,,,,,,2024_1,,"6104081005001700","00",,
,"616953","0",,0.129260348697975,,"61041100120007","04","110","0007",MEMPAWAH,SUNGAI KUNYIT,RT 007 RW 02 DUSUN TARUNA,,"012","61",,,SUNGAI DURI II,KALIMANTAN BARAT,,,,,,2024_1,,"6104110012000700","00",,
,"616318","0",,0.200673373613577,,"61040800020033","04","080","0033",MEMPAWAH,JONGKAT,RT 001 RW 007 DUSUN PANGSUMA,,"002","61",,,JUNGKAT,KALIMANTAN BARAT,,,,,,2024_1,,"6104080002003300","00",,
,"616895","0",,0.408128078246867,,"61041000120025","04","100","0025",MEMPAWAH,MEMPAWAH HILIR,RT 020 RW 08 DUSUN SEBUKIT RAMA,,"012","61",,,PASIR,KALIMANTAN BARAT,,,,,,2024_1,,"6104100012002500","00",,
,"616453","0",,0.014151978392606,,"61040900090043","04","090","0043",MEMPAWAH,SUNGAI PINYUH,RT 001 RW 006,,"009","61",,,SUNGAI PINYUH,KALIMANTAN BARAT,,,,,,2024_1,,"6104090009004300","00",,
,"616125","0",,0.013528287250678,,"61040900090048","04","090","0048",MEMPAWAH,SUNGAI PINYUH,RT 006 RW 006,,"009","61",,,SUNGAI PINYUH,KALIMANTAN BARAT,,,,,,2024_1,,"6104090009004800","00",,
,"616955","0",,0.021603315635228,,"61040800020013","04","080","0013",MEMPAWAH,JONGKAT,RT 002 RW 006 DUSUN PANGERAN ADIPATI,,"002","61",,,JUNGKAT,KALIMANTAN BARAT,,,,,,2024_1,,"6104080002001300","00",,
,"616803","0",,0.028822985454456,,"61040800020056","04","080","0056",MEMPAWAH,JONGKAT,RT 002 RW 01 DUSUN RAHADI USMAN,,"002","61",,,JUNGKAT,KALIMANTAN BARAT,,,,,,2024_1,,"6104080002005600","00",,
,"616765","0",,1.20991781263328,,"61040800020046","04","080","0046",MEMPAWAH,JONGKAT,RT 001 RW 018 DUSUN SULTAN MUHAMMAD,,"002","61",,,JUNGKAT,KALIMANTAN BARAT,,,,,,2024_1,,"6104080002004600","00",,
,"616730","0",,0.298217933653043,,"61041100040007","04","110","0007",MEMPAWAH,SUNGAI KUNYIT,RT 007 RW 03 DUSUN SATRYA,,"004","61",,,SUNGAI DUNGUN,KALIMANTAN BARAT,,,,,,2024_1,,"6104110004000700","00",,
,"616620","0",,0.01468028686654,,"61040800020021","04","080","0021",MEMPAWAH,JONGKAT,RT 002 RW 003 DUSUN SULTAN ABDURRAHMAN,,"002","61",,,JUNGKAT,KALIMANTAN BARAT,,,,,,2024_1,,"6104080002002100","00",,
,"616489","0",,0.211442678102944,,"61040810010021","04","081","0021",MEMPAWAH,SEGEDONG,RT 021 RW 006 DUSUN AMBO PINANG,,"001","61",,,PENITI DALAM I,KALIMANTAN BARAT,,,,,,2024_1,,"6104081001002100","00",,
,"616278","0",,0.039380586806305,,"61040800040012","04","080","0012",MEMPAWAH,JONGKAT,RT 005 RW 09 DUSUN DURIAN,,"004","61",,,WAJOK HULU,KALIMANTAN BARAT,,,,,,2024_1,,"6104080004001200","00",,
,"616176","0",,0.012390586151117,,"61040800020028","04","080","0028",MEMPAWAH,JONGKAT,RT 001 RW 005 DUSUN PANGSUMA,,"002","61",,,JUNGKAT,KALIMANTAN BARAT,,,,,,2024_1,,"6104080002002800","00",,
,"617277","0",,0.036041171941212,,"61041000080017","04","100","0017",MEMPAWAH,MEMPAWAH HILIR,RT 035 RW 07,,"008","61",,,TERUSAN,KALIMANTAN BARAT,,,,,,2024_1,,"6104100008001700","00",,
,"616862","0",,0.009504134998866,,"61041000070017","04","100","0017",MEMPAWAH,MEMPAWAH HILIR,RT 017 RW 06,,"007","61",,,TENGAH,KALIMANTAN BARAT,,,,,,2024_1,,"6104100007001700","00",,
,"616727","0",,0.161701609431328,,"61041000120029","04","100","0029",MEMPAWAH,MEMPAWAH HILIR,RT 023 RW 09 DUSUN PARIT AMANKU,,"012","61",,,PASIR,KALIMANTAN BARAT,,,,,,2024_1,,"6104100012002900","00",,
,"616607","0",,0.034394480667198,,"61040800020016","04","080","0016",MEMPAWAH,JONGKAT,RT 002 RW 012 DUSUN PANGERAN ADIPATI,,"002","61",,,JUNGKAT,KALIMANTAN BARAT,,,,,,2024_1,,"6104080002001600","00",,
,"616167","0",,0.642175274723204,,"61041000140012","04","100","0012",MEMPAWAH,MEMPAWAH HILIR,RT 012 RW 006 DUSUN PARIT SENIN,,"014","61",,,SENGKUBANG,KALIMANTAN BARAT,,,,,,2024_1,,"6104100014001200","00",,
,"616386","0",,0.010066526195451,,"61040900090044","04","090","0044",MEMPAWAH,SUNGAI PINYUH,RT 002 RW 006,,"009","61",,,SUNGAI PINYUH,KALIMANTAN BARAT,,,,,,2024_1,,"6104090009004400","00",,
